{
/*
https://stardewvalleywiki.com/Modding:Schedule_data
https://lemurkat.wordpress.com/2020/10/10/npc-creation-schedules/
*/
  "Changes": [
    // strings
    {
      "LogName": "Eleanor - dialogues - schedule strings",
      "Action": "EditData",
      "Target": "Strings/schedules/StrojvedouciDenis.Eleanor",
      "Entries": {
        "safemode": "{{i18n:Schedule.safemode |DT_name={{DT_name}} |DT_wizard_name={{DT_wizard_name}} |DT_wizard_fem={{DT_wizard_fem}} |default={{i18n:key_not_found}}}}"
      }
    },

    // Safe mode schedule
    {
      "LogName": "Eleanor - safe mode schedule",
      "Action": "EditData",
      "Target": "Characters/schedules/StrojvedouciDenis.Eleanor",
      "Entries": {
        "spring": "0 {{ModId}}.Maps.Eleanor.home 4 10 2 \"Strings\\schedules\\Eleanor:Eleanor.safemode\""
      },
      "When": {
        "On/off": "safe mode"
      }
    },
    // (not so) normal schedule
    {
      "LogName": "Eleanor - schedule before intro event",
      "Action": "EditData",
      "Target": "Characters/schedules/StrojvedouciDenis.Eleanor",
      "Entries": {
        "spring": "0 {{ModId}}.Maps.Eleanor.home 20 16 2"
      },
      "When": {
        "On/off": "on",
        "HasSeenEvent |contains=112": false
      }
    },

    {
      "LogName": "Eleanor - basic schedule",
      "Action": "EditData",
      "Target": "Characters/schedules/StrojvedouciDenis.Eleanor",
      "Entries": {
        "spring": "
    610 WizardHouse 5 15 2/
    930 Town 72 54 2/
    1630 WizardHouse 12 2 2/
    1900 Custom_WizardBasement 13 5 0/
    2130 {{ModId}}.Maps.Eleanor.home 2 20 3/
    2300 {{ModId}}.Maps.Eleanor.home 20 16 2
",
        "spring_Mon": "
    610 WizardHouse 5 15 2/
    1000 Mountain 57 33 1/
    1430 Forest 43 79 2/
    1900 Custom_WizardBasement 13 5 0/
    2330 {{ModId}}.Maps.Eleanor.home 20 16 2
",
        "spring_Tue": "
    610 WizardHouse 5 15 2/
    1200 Forest 58 87 2/
    1800 Custom_WizardBasement 13 5 0/
    2330 {{ModId}}.Maps.Eleanor.home 20 16 2
",
        "spring_Wed": "
    610 WizardHouse 5 15 2/
    1300 Forest 16 30 1/
    1700 WizardHouse 2 16 3/
    2100 Custom_WizardBasement 13 5 0/
    2300 {{ModId}}.Maps.Eleanor.home 20 16 2
",
        "spring_Thu": "{{Random: GOTO spring, GOTO spring_Mon, GOTO spring_Tue, GOTO spring_Wed, GOTO summer, GOTO winter}}",
        "spring_Fri": "{{Random: GOTO spring, GOTO spring_Mon, GOTO spring_Tue, GOTO spring_Wed, GOTO summer, GOTO winter}}",
        "spring_Sat": "
    610 WizardHouse 10 17 2/
    630 SeedShop 12 29 3/
    1100 SeedShop 4 19 0/
    1130 Town 85 103 2/
    1500 WizardHouse 13 5 0/
    1930 {{ModId}}.Maps.Eleanor.home 3 16 3/
    2300 {{ModId}}.Maps.Eleanor.home 20 16 2
",
        "spring_Sun": "
    610 WizardHouse 5 15 2/
    1000 Custom_AuroraVineyard 15 17 3/
    1420 Custom_AuroraVineyard 23 17 0/
    1440 Custom_AuroraVineyard 19 6 1/
    1500 Custom_AuroraVineyard 6 6 3/
    1520 Custom_WizardBasement 13 5 0/
    2000 {{ModId}}.Maps.Eleanor.home 14 22 0/
    2200 {{ModId}}.Maps.Eleanor.home 20 16 2
",

        "summer": "
    610 WizardHouse 5 15 2/
    1030 Forest 52 98 0/
    1630 Custom_WizardBasement 13 5 0/
    1900 {{ModId}}.Maps.Eleanor.home 6 22 0/
    2230 {{ModId}}.Maps.Eleanor.home 20 16 2
",
        "summer_Mon": "{{Random: GOTO spring, GOTO spring_Mon, GOTO spring_Tue, GOTO spring_Wed, GOTO summer, GOTO winter}}",
        "summer_Tue": "{{Random: GOTO spring, GOTO spring_Mon, GOTO spring_Tue, GOTO spring_Wed, GOTO summer, GOTO winter}}",
        "summer_Wed": "{{Random: GOTO spring, GOTO spring_Mon, GOTO spring_Tue, GOTO spring_Wed, GOTO summer, GOTO winter}}",
        "summer_Thu": "{{Random: GOTO spring, GOTO spring_Mon, GOTO spring_Tue, GOTO spring_Wed, GOTO summer, GOTO winter}}",
        "summer_Fri": "{{Random: GOTO spring, GOTO spring_Mon, GOTO spring_Tue, GOTO spring_Wed, GOTO summer, GOTO winter}}",
        "summer_Sat": "GOTO spring_Sat",
        "summer_Sun": "GOTO spring_Sun",

        "fall": "{{Random: GOTO spring, GOTO spring_Mon, GOTO spring_Tue, GOTO spring_Wed, GOTO summer, GOTO winter}}",
        "fall_Mon": "{{Random: GOTO spring, GOTO spring_Mon, GOTO spring_Tue, GOTO spring_Wed, GOTO summer, GOTO winter}}",
        "fall_Tue": "{{Random: GOTO spring, GOTO spring_Mon, GOTO spring_Tue, GOTO spring_Wed, GOTO summer, GOTO winter}}",
        "fall_Wed": "{{Random: GOTO spring, GOTO spring_Mon, GOTO spring_Tue, GOTO spring_Wed, GOTO summer, GOTO winter}}",
        "fall_Thu": "{{Random: GOTO spring, GOTO spring_Mon, GOTO spring_Tue, GOTO spring_Wed, GOTO summer, GOTO winter}}",
        "fall_Fri": "
    610 WizardHouse 5 15 2/
    900 Custom_AdventurerSummit 6 14 2/
    1600 Forest 52 98 1/
    2130 Custom_WizardBasement 13 5 0/
    2400 {{ModId}}.Maps.Eleanor.home 20 16 2
",
        "fall_Sat": "GOTO spring_Sat",
        "fall_Sun": "GOTO spring_Sun",

        "winter": "
    610 WizardHouse 5 15 2/
    900 Custom_BlueMoonVineyard 31 56 2/
    1330 Forest 24 68 1/
    1700 Custom_WizardBasement 13 5 0/
    2130 {{ModId}}.Maps.Eleanor.home 20 16 2
",
        "winter_Mon": "{{Random: GOTO spring, GOTO spring_Mon, GOTO spring_Tue, GOTO spring_Wed, GOTO summer, GOTO winter, GOTO winter_Fri}}",
        "winter_Tue": "{{Random: GOTO spring, GOTO spring_Mon, GOTO spring_Tue, GOTO spring_Wed, GOTO summer, GOTO winter, GOTO winter_Fri}}",
        "winter_Wed": "{{Random: GOTO spring, GOTO spring_Mon, GOTO spring_Tue, GOTO spring_Wed, GOTO summer, GOTO winter, GOTO winter_Fri}}",
        "winter_Thu": "{{Random: GOTO spring, GOTO spring_Mon, GOTO spring_Tue, GOTO spring_Wed, GOTO summer, GOTO winter, GOTO winter_Fri}}",
        "winter_Fri": "
    610 WizardHouse 5 15 2/
    1330 Beach 20 20 2/
    2000 {{ModId}}.Maps.Eleanor.home 20 16 2
",
        "winter_Sat": "GOTO spring_Sat",
        "winter_Sun": "GOTO spring_Sun",

        "rain": "GOTO summer",
        "GreenRain": "
    610 WizardHouse 5 15 2/
    1000 Forest 16 30 1/
    1400 Custom_WizardBasement 13 5 0/
    2230 {{ModId}}.Maps.Eleanor.home 20 16 2
"
      },
      "When": {
        "On/off": "on",
        "HasSeenEvent |contains=112": true
      }
    },

    {
      "LogName": "Eleanor - schedule - RSV+ES",
      "Action": "EditData",
      "Target": "Characters/schedules/StrojvedouciDenis.Eleanor",
      "Entries": {
        "spring_Fri": "{{Random: 0 Custom_Ridgeside_AguarBasement 7 8 3/610  Custom_Ridgeside_Ridge 91 12 1/1140 Town 52 86 3/1730 EastScarp_Village 31 63 2/2200 EastScarp_OrchardHouse 4 22 3, 0 Custom_Ridgeside_AguarBasement 7 8 3/610 Custom_Ridgeside_RSVCliff 80 23 1/1140 Town 52 86 3/1750 EastScarp_Village 31 63 2/2300 EastScarp_OrchardHouse 4 22 3}}",

        "summer_Fri": "GOTO spring_Fri",

        "fall_Fri": "GOTO spring_Fri",

        "winter_Fri": "GOTO spring_Fri"
      },
      "When": {
        "HasMod |contains=Rafseazz.RSVCP": true,
        "HasMod |contains=LemurKat.EastScarpe.CP": true,
        "On/off": "on",
        "HasSeenEvent |contains=112": true
      }
    },

    {
      "LogName": "Eleanor - schedule - Hogwarts",
      "Action": "EditData",
      "Target": "Characters/schedules/StrojvedouciDenis.Eleanor",
      "Entries": {
        "summer_3": "
    0 HogwartsET.CP.Hogwarts_HogsmeadeStation 16 14 2/
    610 HogwartsET.CP.Hogwarts_HogsmeadeVillage 22 24 0/
    2300 HogwartsET.CP.Hogwarts_HogsmeadeStation 16 14 2
",
        "summer_4": "GOTO summer_3",
        "summer_5": "GOTO summer_3",
        "summer_6": "GOTO summer_3",
        "summer_7": "GOTO summer_3"
      },
      "When": {
        "HasMod": "HogwartsET.CP.Hogwarts",
        "On/off": "on",
        "HasSeenEvent |contains=112": true
      }
    }
  ]
}
