{
  "Changes": [
    {
      "LogName": "Eleanor - gifts",
      "Action": "EditData",
      "Target": "Data/NPCGiftTastes",
      "Entries": {
        "Eleanor": "{{i18n:Gift.love |PlayerName={{PlayerName}}}}/-2 -80 -102 -103 16 18 20 22 595 866/{{i18n:Gift.like |PlayerName={{PlayerName}}}}/-7 -17 -18 -19 -25 -26 -27 -74 -75 -79 -81 769/{{i18n:Gift.dislike |PlayerName={{PlayerName}}}}/-4 -8 -9 -24 -28 92/{{i18n:Gift.hate |PlayerName={{PlayerName}}}}/-20 -21 -22 -23 -29 -95 -96 -97 -98 -99 -100 -101 -999 78/{{i18n:Gift.neutral |PlayerName={{PlayerName}}}}/-14 72 305 308"
      }
    }
  ]
}
