{
  "Changes": [
    {
      "LogName": "Eleanor - gifts",
      "Action": "EditData",
      "Target": "Data/NPCGiftTastes",
      "Entries": {
        "StrojvedouciDenis.Eleanor": "{{i18n:Gift.love |DT_name={{DT_name}} |DT_wizard_name={{DT_wizard_name}} |DT_wizard_fem={{DT_wizard_fem}}}}/-2 -80 -102 -103 595 866/{{i18n:Gift.like |DT_name={{DT_name}} |DT_wizard_name={{DT_wizard_name}} |DT_wizard_fem={{DT_wizard_fem}}}}/-7 -17 -18 -19 -25 -26 -27 -74 -75 -79 -81 16 18 20 22 769/{{i18n:Gift.dislike |DT_name={{DT_name}} |DT_wizard_name={{DT_wizard_name}} |DT_wizard_fem={{DT_wizard_fem}}}}/-4 -8 -9 -24 -28 92/{{i18n:Gift.hate |DT_name={{DT_name}} |DT_wizard_name={{DT_wizard_name}} |DT_wizard_fem={{DT_wizard_fem}}}}/-20 -21 -22 -23 -95 -96 -97 -98 -99 -100 -101 -999 78/{{i18n:Gift.neutral |DT_name={{DT_name}} |DT_wizard_name={{DT_wizard_name}} |DT_wizard_fem={{DT_wizard_fem}}}}/-14 -29 72 305 308"
      }
    },
    {
      "LogName": "Eleanor - unique gifts dialogues",
      "Action": "EditData",
      "Target": "Characters/Dialogue/StrojvedouciDenis.Eleanor",
      "Entries": {
        "RejectItem_(O)460": "{{i18n:Dialogues.RejectItem_(O)460 |DT_name={{DT_name}} |DT_wizard_name={{DT_wizard_name}} |DT_wizard_fem={{DT_wizard_fem}}}}",
        // -20 -21 -22 -23 -29 -95 -96 -97 -98 -99 -100 -101 -999 78
        /*
        "RejectItem_ category_junk": "{{i18n:Dialogues.RejectItem_category_junk |DT_name={{DT_name}} |DT_wizard_name={{DT_wizard_name}} |DT_wizard_fem={{DT_wizard_fem}}}}",
        "RejectItem_category_bait": "{{i18n:Dialogues.RejectItem_category_bait|DT_name={{DT_name}} |DT_wizard_name={{DT_wizard_name}} |DT_wizard_fem={{DT_wizard_fem}}}}",
        "RejectItem_category_tackle": "{{i18n:Dialogues.RejectItem_category_tackle |DT_name={{DT_name}} |DT_wizard_name={{DT_wizard_name}} |DT_wizard_fem={{DT_wizard_fem}}}}",
        "RejectItem_category_sell_at_fish_shop": "{{i18n:Dialogues.RejectItem_category_sell_at_fish_shop |DT_name={{DT_name}} |DT_wizard_name={{DT_wizard_name}} |DT_wizard_fem={{DT_wizard_fem}}}}",
        "RejectItem_category_hat": "{{i18n:Dialogues.RejectItem_category_hat |DT_name={{DT_name}} |DT_wizard_name={{DT_wizard_name}} |DT_wizard_fem={{DT_wizard_fem}}}}",
        "RejectItem_category_ring ": "{{i18n:Dialogues.RejectItem_category_ring  |DT_name={{DT_name}} |DT_wizard_name={{DT_wizard_name}} |DT_wizard_fem={{DT_wizard_fem}}}}",
        "RejectItem_category_boots": "{{i18n:Dialogues.RejectItem_category_boots |DT_name={{DT_name}} |DT_wizard_name={{DT_wizard_name}} |DT_wizard_fem={{DT_wizard_fem}}}}",
        "RejectItem_category_weapon": "{{i18n:Dialogues.RejectItem_category_weapon |DT_name={{DT_name}} |DT_wizard_name={{DT_wizard_name}} |DT_wizard_fem={{DT_wizard_fem}}}}",
        "RejectItem_category_tool": "{{i18n:Dialogues.RejectItem_category_tool |DT_name={{DT_name}} |DT_wizard_name={{DT_wizard_name}} |DT_wizard_fem={{DT_wizard_fem}}}}",
        "RejectItem_category_clothing": "{{i18n:Dialogues.RejectItem_category_clothing |DT_name={{DT_name}} |DT_wizard_name={{DT_wizard_name}} |DT_wizard_fem={{DT_wizard_fem}}}}",
        "RejectItem_category_trinket": "{{i18n:Dialogues.RejectItem_category_trinket |DT_name={{DT_name}} |DT_wizard_name={{DT_wizard_name}} |DT_wizard_fem={{DT_wizard_fem}}}}",
        "RejectItem_category_litter": "{{i18n:Dialogues.RejectItem_category_litter |DT_name={{DT_name}} |DT_wizard_name={{DT_wizard_name}} |DT_wizard_fem={{DT_wizard_fem}}}}",
        */
        "RejectItem_ category_junk": "{{i18n:Dialogues.RejectItem |DT_name={{DT_name}} |DT_wizard_name={{DT_wizard_name}} |DT_wizard_fem={{DT_wizard_fem}}}}",
        "RejectItem_category_bait": "{{i18n:Dialogues.RejectItem|DT_name={{DT_name}} |DT_wizard_name={{DT_wizard_name}} |DT_wizard_fem={{DT_wizard_fem}}}}",
        "RejectItem_category_tackle": "{{i18n:Dialogues.RejectItem |DT_name={{DT_name}} |DT_wizard_name={{DT_wizard_name}} |DT_wizard_fem={{DT_wizard_fem}}}}",
        "RejectItem_category_sell_at_fish_shop": "{{i18n:Dialogues.RejectItem |DT_name={{DT_name}} |DT_wizard_name={{DT_wizard_name}} |DT_wizard_fem={{DT_wizard_fem}}}}",
        "RejectItem_category_hat": "{{i18n:Dialogues.RejectItem |DT_name={{DT_name}} |DT_wizard_name={{DT_wizard_name}} |DT_wizard_fem={{DT_wizard_fem}}}}",
        "RejectItem_category_ring ": "{{i18n:Dialogues.RejectItem  |DT_name={{DT_name}} |DT_wizard_name={{DT_wizard_name}} |DT_wizard_fem={{DT_wizard_fem}}}}",
        "RejectItem_category_boots": "{{i18n:Dialogues.RejectItem |DT_name={{DT_name}} |DT_wizard_name={{DT_wizard_name}} |DT_wizard_fem={{DT_wizard_fem}}}}",
        "RejectItem_category_weapon": "{{i18n:Dialogues.RejectItem |DT_name={{DT_name}} |DT_wizard_name={{DT_wizard_name}} |DT_wizard_fem={{DT_wizard_fem}}}}",
        "RejectItem_category_tool": "{{i18n:Dialogues.RejectItem |DT_name={{DT_name}} |DT_wizard_name={{DT_wizard_name}} |DT_wizard_fem={{DT_wizard_fem}}}}",
        "RejectItem_category_clothing": "{{i18n:Dialogues.RejectItem |DT_name={{DT_name}} |DT_wizard_name={{DT_wizard_name}} |DT_wizard_fem={{DT_wizard_fem}}}}",
        "RejectItem_category_trinket": "{{i18n:Dialogues.RejectItem |DT_name={{DT_name}} |DT_wizard_name={{DT_wizard_name}} |DT_wizard_fem={{DT_wizard_fem}}}}",
        "RejectItem_category_litter": "{{i18n:Dialogues.RejectItem |DT_name={{DT_name}} |DT_wizard_name={{DT_wizard_name}} |DT_wizard_fem={{DT_wizard_fem}}}}",

        "AcceptBouquet": "{{i18n:Dialogues.AcceptBouquet |DT_name={{DT_name}} |DT_wizard_name={{DT_wizard_name}} |DT_wizard_fem={{DT_wizard_fem}}}}",
        "RejectBouquet": "{{i18n:Dialogues.RejectBouquet |DT_name={{DT_name}} |DT_wizard_name={{DT_wizard_name}} |DT_wizard_fem={{DT_wizard_fem}}}}",
        "RejectBouquet_Divorced": "{{i18n:Dialogues.RejectBouquet_Divorced |DT_name={{DT_name}} |DT_wizard_name={{DT_wizard_name}} |DT_wizard_fem={{DT_wizard_fem}}}}",
        "RejectBouquet_AlreadyAccepted": "{{i18n:Dialogues.RejectBouquet_AlreadyAccepted |DT_name={{DT_name}} |DT_wizard_name={{DT_wizard_name}} |DT_wizard_fem={{DT_wizard_fem}}}}",
        "RejectBouquet_NotDatable": "{{i18n:Dialogues.RejectBouquet_NotDatable |DT_name={{DT_name}} |DT_wizard_name={{DT_wizard_name}} |DT_wizard_fem={{DT_wizard_fem}}}}",
        "RejectBouquet_NpcAlreadyMarried": "{{i18n:Dialogues.RejectBouquet_NpcAlreadyMarried |DT_name={{DT_name}} |DT_wizard_name={{DT_wizard_name}} |DT_wizard_fem={{DT_wizard_fem}}}}",
        "RejectBouquet_VeryLowHearts": "{{i18n:Dialogues.RejectBouquet_VeryLowHearts |DT_name={{DT_name}} |DT_wizard_name={{DT_wizard_name}} |DT_wizard_fem={{DT_wizard_fem}}}}",
        "RejectBouquet_LowHearts": "{{i18n:Dialogues.RejectBouquet_LowHearts |DT_name={{DT_name}} |DT_wizard_name={{DT_wizard_name}} |DT_wizard_fem={{DT_wizard_fem}}}}",

        "AcceptBirthdayGift_Negative": "{{i18n:Dialogues.AcceptBirthdayGift_Negative |DT_name={{DT_name}} |DT_wizard_name={{DT_wizard_name}} |DT_wizard_fem={{DT_wizard_fem}}}}",
        "AcceptBirthdayGift_Positive": "{{i18n:Dialogues.AcceptBirthdayGift_Positive |DT_name={{DT_name}} |DT_wizard_name={{DT_wizard_name}} |DT_wizard_fem={{DT_wizard_fem}}}}",
        "RejectGift_Divorced": "{{i18n:Dialogues.RejectGift_Divorced |DT_name={{DT_name}} |DT_wizard_name={{DT_wizard_name}} |DT_wizard_fem={{DT_wizard_fem}}}}"
      }
    }
  ]
}
