{
  "Changes": [
    // triggering mails
    {
      "LogName": "Eleanor - mails - trigger",
      "Action": "EditData",
      "Target": "Data/TriggerActions",
      "Entries": {
        "{{ModId}}_mail_Debug": {
          "Id": "{{ModId}}_mail_Debug",
          "Trigger": "DayStarted",
          "Action": "AddMail Current {{ModId}}_mail_Debug"  // if you want the mail to be sent immediately, add "Now" at the end
        }
      }
    },
    
    // the mail itself
    {
      "LogName": "Eleanor - mails",
      "Action": "EditData",
      "Target": "Data/mail",
      "Entries": {
        "{{ModId}}_mail_Debug": "{{i18n:Mail.Debug |DT_name={{DT_name}} |DT_wizard_name={{DT_wizard_name}} |DT_wizard_fem={{DT_wizard_fem}}}}"
      }
    }
  ]
}
