{
  "Changes": [
    // Load commands - one look only //
    {
      "LogName": "Eleanor - one look only - non-seasonal sprites & portraits load command",
      "Action": "Load",
      "Priority": "Low+11",
      "Target": "Characters/StrojvedouciDenis.Eleanor, Portraits/StrojvedouciDenis.Eleanor",
      "FromFile": "assets/images/{{TargetPathOnly}}/default.png",
      "Update": "OnLocationChange"
      /*
commented out because of the missing art
      "When": {
        "Graphics": "one look only"
      }
        */
    }
/*
commented out because of the missing art
    // Load commands - vanilla //
    {
      "LogName": "Eleanor - vanilla - seasonal sprites & portraits load command",
      "Action": "Load",
      "Priority": "Low",
      "Target": "Characters/StrojvedouciDenis.Eleanor, Portraits/StrojvedouciDenis.Eleanor",
      "FromFile": "assets/images/{{TargetPathOnly}}/default.png",
      "Update": "OnLocationChange",
      "When": {
        "Graphics": "vanilla",
        "Season": "Spring, Summer, Fall"
      }
    },
    {
      "LogName": "Eleanor - vanilla - seasonal sprites & portraits load command - winter",
      "Action": "Load",
      "Priority": "Low",
      "Target": "Characters/StrojvedouciDenis.Eleanor, Portraits/StrojvedouciDenis.Eleanor",
      "FromFile": "assets/images/{{TargetPathOnly}}/winter_outside.png",
      "Update": "OnLocationChange",
      "When": {
        "Graphics": "vanilla",
        "Season": "Winter"
      }
    },

    // Load commands - seasonal sprites & portraits //
    {
      "LogName": "Eleanor - full - seasonal sprites & portraits load command - spring, summer, fall",
      "Action": "Load",
      "Priority": "Low",
      "Target": "Characters/StrojvedouciDenis.Eleanor, Portraits/StrojvedouciDenis.Eleanor",
      "FromFile": "assets/images/{{TargetPathOnly}}/{{season}}.png",
      "Update": "OnLocationChange",
      "When": {
        "Graphics": "full",
        "Season": "Spring, Summer, Fall"
      }
    },

    {
      "LogName": "Eleanor - Winter Inside Sprites & Portraits",
      "Action": "Load",
      "Priority": "Low",
      "Target": "Characters/StrojvedouciDenis.Eleanor, Portraits/StrojvedouciDenis.Eleanor",
      "FromFile": "assets/images/{{TargetPathOnly}}/winter_inside.png",
      "Update": "OnLocationChange",
      "When": {
        "Graphics": "full",
        "Season": "Winter",
        "LocationName |contains= WizardHouse, Custom_WizardBasement": "true"
      }
    },
    {
      "LogName": "Eleanor - Winter Outside Sprites & Portraits",
      "Action": "Load",
      "Priority": "Low",
      "Target": "Characters/StrojvedouciDenis.Eleanor, Portraits/StrojvedouciDenis.Eleanor",
      "FromFile": "assets/images/{{TargetPathOnly}}/winter_outside.png",
      "Update": "OnLocationChange",
      "When": {
        "Graphics": "full",
        "Season": "Winter",
        "LocationName |contains= WizardHouse, Custom_WizardBasement": "false"
      }
    },
    /*

    {
  "LogName": "Eleanor - full - seasonal sprites & portraits load command - winter",
  "Action": "Load",
  "Priority": "Low",
  "Target": "Characters/StrojvedouciDenis.Eleanor, Portraits/StrojvedouciDenis.Eleanor",
  "FromFile": "assets/images/{{TargetPathOnly}}/winter_{{LocationName |contains=WizardHouse, Custom_WizardBasement |ValueAt=true:inside |ValueAt=false:outside}}.png",
  "Update": "OnLocationChange",
  "When": { "Graphics": "full", "Season": "Winter" }
},


// Load commands - rain clothes //
    {
      "LogName": "Eleanor - sprites & portraits load command - rain, green rain, storm",
      "Action": "Load",
      "Priority": "Low + 5",
      "Target": "Characters/StrojvedouciDenis.Eleanor, Portraits/StrojvedouciDenis.Eleanor",
      "FromFile": "assets/images/{{TargetPathOnly}}/default.png",
      "Update": "OnLocationChange",
      "When": {
        "Weather": "Rain, Green Rain, Storm"
      }
    },

    // Load commands - festival clothes //
    /*    
    {
      "LogName": "Eleanor - sprites & portraits - festivals load command",
      "Action": "Load",
      "Priority": "Low + 10",
      "Target": "Characters/StrojvedouciDenis.Eleanor, Portraits/StrojvedouciDenis.Eleanor",
      "FromFile": "assets/images/{{TargetPathOnly}}/default.png",
      "Update": "OnLocationChange",
      "Condition": "IS_FESTIVAL_DAY",
      "When": {
        "Festivals": "true"
      }
    }


{
  "LogName": "Eleanor - sprites & portraits - spring festivals load command",
  "Action": "Load",
  "Priority": "Low + 10",
  "Target": "Characters/StrojvedouciDenis.Eleanor, Portraits/StrojvedouciDenis.Eleanor",
  "FromFile": "assets/images/{{TargetPathOnly}}/default.png",
  "Update": "OnLocationChange",
  "When": {
    "Festivals": "true",
    "Season": "Spring",
    "Day": "13, 24"
  }
},
{
  "LogName": "Eleanor - sprites & portraits - summer festivals load command",
  "Action": "Load",
  "Priority": "Low + 10",
  "Target": "Characters/StrojvedouciDenis.Eleanor, Portraits/StrojvedouciDenis.Eleanor",
  "FromFile": "assets/images/{{TargetPathOnly}}/default.png",
  "Update": "OnLocationChange",
  "When": {
    "Festivals": "true",
    "Season": "Summer",
    "Day": "11, 28"
  }
},
{
  "LogName": "Eleanor - sprites & portraits - fall festivals load command",
  "Action": "Load",
  "Priority": "Low + 10",
  "Target": "Characters/StrojvedouciDenis.Eleanor, Portraits/StrojvedouciDenis.Eleanor",
  "FromFile": "assets/images/{{TargetPathOnly}}/default.png",
  "Update": "OnLocationChange",
  "When": {
    "Festivals": "true",
    "Season": "Fall",
    "Day": "16, 27"
  }
},
{
  "LogName": "Eleanor - sprites & portraits - winter festivals load command",
  "Action": "Load",
  "Priority": "Low + 10",
  "Target": "Characters/StrojvedouciDenis.Eleanor, Portraits/StrojvedouciDenis.Eleanor",
  "FromFile": "assets/images/{{TargetPathOnly}}/default.png",
  "Update": "OnLocationChange",
  "When": {
    "Festivals": "true",
    "Season": "Winter",
    "Day": "8, 28"
  }
    
}
  */
]
}

