{
  "Changes": [
    {
      "LogName": "Eleanor - gifts",
      "Action": "EditData",
      "Target": "Data/NPCGiftTastes",
      "Entries": {
        "StrojvedouciDenis.Eleanor": "{{i18n:Gifts.love |DT_name={{DT_name}} |DT_wizard_name={{DT_wizard_name}} |DT_wizard_fem={{DT_wizard_fem}} |default={{i18n:key_not_found}}}}/-2 -80 -102 -103 595 866/{{i18n:Gifts.like |DT_name={{DT_name}} |DT_wizard_name={{DT_wizard_name}} |DT_wizard_fem={{DT_wizard_fem}} |default={{i18n:key_not_found}}}}/-7 -17 -18 -19 -25 -26 -27 -74 -75 -79 -81 16 18 20 22 769/{{i18n:Gifts.dislike |DT_name={{DT_name}} |DT_wizard_name={{DT_wizard_name}} |DT_wizard_fem={{DT_wizard_fem}} |default={{i18n:key_not_found}}}}/-4 -8 -9 -24 -28 92/{{i18n:Gifts.hate |DT_name={{DT_name}} |DT_wizard_name={{DT_wizard_name}} |DT_wizard_fem={{DT_wizard_fem}} |default={{i18n:key_not_found}}}}/-20 -21 -22 -23 -95 -96 -97 -98 -99 -100 -101 -999 78/{{i18n:Gifts.neutral |DT_name={{DT_name}} |DT_wizard_name={{DT_wizard_name}} |DT_wizard_fem={{DT_wizard_fem}} |default={{i18n:key_not_found}}}}/-14 -29 72 305 308"
      }
    },
    {
      "LogName": "Eleanor - unique gifts dialogues",
      "Action": "EditData",
      "Target": "Characters/Dialogue/StrojvedouciDenis.Eleanor",
      "Entries": {
        "RejectItem_(O)460": "{{i18n:Gifts.RejectItem_(O)460 |DT_name={{DT_name}} |DT_wizard_name={{DT_wizard_name}} |DT_wizard_fem={{DT_wizard_fem}} |default={{i18n:key_not_found}}}}", // emergency block --> marriage not possible (hopefully)
        // -20 -21 -22 -23 -29 -95 -96 -97 -98 -99 -100 -101 -999 78
        "RejectItem_ category_junk": "{{i18n:Gifts.RejectItem |DT_name={{DT_name}} |DT_wizard_name={{DT_wizard_name}} |DT_wizard_fem={{DT_wizard_fem}} |default={{i18n:key_not_found}}}}",
        "RejectItem_category_bait": "{{i18n:Gifts.RejectItem|DT_name={{DT_name}} |DT_wizard_name={{DT_wizard_name}} |DT_wizard_fem={{DT_wizard_fem}} |default={{i18n:key_not_found}}}}",
        "RejectItem_category_tackle": "{{i18n:Gifts.RejectItem |DT_name={{DT_name}} |DT_wizard_name={{DT_wizard_name}} |DT_wizard_fem={{DT_wizard_fem}} |default={{i18n:key_not_found}}}}",
        "RejectItem_category_sell_at_fish_shop": "{{i18n:Gifts.RejectItem |DT_name={{DT_name}} |DT_wizard_name={{DT_wizard_name}} |DT_wizard_fem={{DT_wizard_fem}} |default={{i18n:key_not_found}}}}",
        "RejectItem_category_hat": "{{i18n:Gifts.RejectItem |DT_name={{DT_name}} |DT_wizard_name={{DT_wizard_name}} |DT_wizard_fem={{DT_wizard_fem}} |default={{i18n:key_not_found}}}}",
        "RejectItem_category_ring ": "{{i18n:Gifts.RejectItem  |DT_name={{DT_name}} |DT_wizard_name={{DT_wizard_name}} |DT_wizard_fem={{DT_wizard_fem}} |default={{i18n:key_not_found}}}}",
        "RejectItem_category_boots": "{{i18n:Gifts.RejectItem |DT_name={{DT_name}} |DT_wizard_name={{DT_wizard_name}} |DT_wizard_fem={{DT_wizard_fem}} |default={{i18n:key_not_found}}}}",
        "RejectItem_category_weapon": "{{i18n:Gifts.RejectItem |DT_name={{DT_name}} |DT_wizard_name={{DT_wizard_name}} |DT_wizard_fem={{DT_wizard_fem}} |default={{i18n:key_not_found}}}}",
        "RejectItem_category_tool": "{{i18n:Gifts.RejectItem |DT_name={{DT_name}} |DT_wizard_name={{DT_wizard_name}} |DT_wizard_fem={{DT_wizard_fem}} |default={{i18n:key_not_found}}}}",
        "RejectItem_category_clothing": "{{i18n:Gifts.RejectItem |DT_name={{DT_name}} |DT_wizard_name={{DT_wizard_name}} |DT_wizard_fem={{DT_wizard_fem}} |default={{i18n:key_not_found}}}}",
        "RejectItem_category_trinket": "{{i18n:Gifts.RejectItem |DT_name={{DT_name}} |DT_wizard_name={{DT_wizard_name}} |DT_wizard_fem={{DT_wizard_fem}} |default={{i18n:key_not_found}}}}",
        "RejectItem_category_litter": "{{i18n:Gifts.RejectItem |DT_name={{DT_name}} |DT_wizard_name={{DT_wizard_name}} |DT_wizard_fem={{DT_wizard_fem}} |default={{i18n:key_not_found}}}}",

        "AcceptBouquet": "{{i18n:Gifts.AcceptBouquet |DT_name={{DT_name}} |DT_wizard_name={{DT_wizard_name}} |DT_wizard_fem={{DT_wizard_fem}} |default={{i18n:key_not_found}}}}",
        "RejectBouquet": "{{i18n:Gifts.RejectBouquet |DT_name={{DT_name}} |DT_wizard_name={{DT_wizard_name}} |DT_wizard_fem={{DT_wizard_fem}} |default={{i18n:key_not_found}}}}",
        "RejectBouquet_Divorced": "{{i18n:Gifts.RejectBouquet_Divorced |DT_name={{DT_name}} |DT_wizard_name={{DT_wizard_name}} |DT_wizard_fem={{DT_wizard_fem}} |default={{i18n:key_not_found}}}}",
        "RejectBouquet_AlreadyAccepted": "{{i18n:Gifts.RejectBouquet_AlreadyAccepted |DT_name={{DT_name}} |DT_wizard_name={{DT_wizard_name}} |DT_wizard_fem={{DT_wizard_fem}} |default={{i18n:key_not_found}}}}",
        "RejectBouquet_NotDatable": "{{i18n:Gifts.RejectBouquet_NotDatable |DT_name={{DT_name}} |DT_wizard_name={{DT_wizard_name}} |DT_wizard_fem={{DT_wizard_fem}} |default={{i18n:key_not_found}}}}",
        "RejectBouquet_NpcAlreadyMarried": "{{i18n:Gifts.RejectBouquet_NpcAlreadyMarried |DT_name={{DT_name}} |DT_wizard_name={{DT_wizard_name}} |DT_wizard_fem={{DT_wizard_fem}} |default={{i18n:key_not_found}}}}",
        "RejectBouquet_VeryLowHearts": "{{i18n:Gifts.RejectBouquet_VeryLowHearts |DT_name={{DT_name}} |DT_wizard_name={{DT_wizard_name}} |DT_wizard_fem={{DT_wizard_fem}} |default={{i18n:key_not_found}}}}",
        "RejectBouquet_LowHearts": "{{i18n:Gifts.RejectBouquet_LowHearts |DT_name={{DT_name}} |DT_wizard_name={{DT_wizard_name}} |DT_wizard_fem={{DT_wizard_fem}} |default={{i18n:key_not_found}}}}",

        "AcceptBirthdayGift_Negative": "{{i18n:Gifts.AcceptBirthdayGift_Negative |DT_name={{DT_name}} |DT_wizard_name={{DT_wizard_name}} |DT_wizard_fem={{DT_wizard_fem}} |default={{i18n:key_not_found}}}}",
        "AcceptBirthdayGift_Positive": "{{i18n:Gifts.AcceptBirthdayGift_Positive |DT_name={{DT_name}} |DT_wizard_name={{DT_wizard_name}} |DT_wizard_fem={{DT_wizard_fem}} |default={{i18n:key_not_found}}}}",
        "RejectGift_Divorced": "{{i18n:Gifts.RejectGift_Divorced |DT_name={{DT_name}} |DT_wizard_name={{DT_wizard_name}} |DT_wizard_fem={{DT_wizard_fem}} |default={{i18n:key_not_found}}}}"
      }
    },
    // compatibility
    /*
    {
      "LogName": "Eleanor - gifts compatibility - Polyamory Sweet, accept bouquet",
      "Action": "EditData",
      "Target": "Characters/Dialogue/StrojvedouciDenis.Eleanor",
      "Entries": {
        "AcceptGift_(O)ApryllForever.CPPolyamorySweet_MermaidBouquet": "{{i18n:Gifts.AcceptBouquet |DT_name={{DT_name}} |DT_wizard_name={{DT_wizard_name}} |DT_wizard_fem={{DT_wizard_fem}} |default={{i18n:key_not_found}}}}"
      },
      "When": {
        "HasMod|contains=ApryllForever.CPPolyamorySweet": true,
        "Hearts:StrojvedouciDenis.Eleanor": "{{Range:8, 14}}"
      }
    },
    */
    {
      "LogName": "Eleanor - gifts compatibility - Polyamory Sweet, reject bouquet",
      "Action": "EditData",
      "Target": "Characters/Dialogue/StrojvedouciDenis.Eleanor",
      "Entries": {
        "RejectItem_(O)ApryllForever.CPPolyamorySweet_MermaidBouquet": "{{i18n:Gifts.RejectBouquet |DT_name={{DT_name}} |DT_wizard_name={{DT_wizard_name}} |DT_wizard_fem={{DT_wizard_fem}} |default={{i18n:key_not_found}}}}"
      },
      "When": {
        "HasMod|contains=ApryllForever.CPPolyamorySweet": true,
        "Hearts:StrojvedouciDenis.Eleanor": "{{Range:0, 7}}"
      }
    }
  ]
}
