{ // NPC Eleanor //

  // "$schema": "https://smapi.io/schemas/content-patcher.json", commented out because of formating problems after format 2.5.0

  "Format": "2.5.3",

  // NPC Eleanor - config.json file //

  // Config is also translatable with i18n, even though it doesn't look like
  "ConfigSchema": {
    // Optional content for Eleanor
    "Festivals": {
      "AllowValues": "true, false",
      "Default": "true",
      "Section": "Optional content for Eleanor",
      "Description": "This setting activates Eleanor at some vanilla festivals. However, Eleanor doesn't have any festival clothes for now, so Eleanor'll use its default. As of 0.9.0-beta.3 it includes unique non-marriage dialogues (year 1 only) for each festival she'll attend and one marriage dialogue. Default setting: true."
    },
    /*
commented out untill marriage update (1.0.0)
    "Marriage": {
      "AllowValues": "true, false",
      "Default": "false",
      "Section": "Optional content for Eleanor",
      "Description": "! PRE-ALPHA VERSION --> = U = N = U = S = A = B = L = E =  - WILL RESULT IN GAME (BREAKING?) ERRORS ! This setting lets you choose if Eleanor can be married. As of 0.9.0-beta.3, it should include A LOT of ERRORS! Default setting: false. = Turn on at your own risk! =",
    },

    "14hearts-variants": {
      "AllowValues": "short, long",
      "Default": "short", // short due to multiplayer support, I worry that long is too long for 1 SV multiplayer day
      "Section": "Optional content for Eleanor",
      "Description": "This setting lets you choose the variant of Eleanor's 14hearts event. You can choose between short and long versions, which contain of 5 automatically triggered events. = The short version has a fully different outcome than the long one! = Default setting: long.",
    },

    "14hearts-commented": {
      "AllowValues": "true, false",
      "Default": "false",
      "Section": "Optional content for Eleanor",
      "Description": "This setting lets you choose if Eleanor's 14hearts event will include comments or not. Default setting: false."
    },
*/

    // Visual side of Eleanor

    //commented out because of the missing art - working on it with hezjena2023
    "Outfits": {
      //      "AllowValues": "one look only (ORG), one look only, vanilla, seasonal",
      //      "Default": "vanilla",
      "AllowValues": "one look only (ORG), one look only, vanilla, seasonal",
      "Default": "vanilla",
      "Section": "Visual side of Eleanor",
      "Description": "= ! EXPERIMENTAL - MIGHT (but shouldn't) RESULT IN NPC WITHOUT SPRITES OR PORTRAITS ! = This setting sets sprites & portraits for Eleanor.  As of 0.9.0-beta.3, it is an experimental feature that would be stable in 0.9.0. Default setting: only one look."
    },

    /*
commented out because of the missing 256X256 portraits code
     "Portraits": {
      "AllowValues": "64X64,256X256",
      "Default": "64X64",
      "Section": "Visual side of Eleanor",
      "Description": "placeholder",
    },
    */

    // Experimental - D O * N O T * C H A N G E
    "On/off": {
      "AllowValues": "on, safe mode, off",
      "Default": "on",
      "Section": "Experimental - DoNotChange",
      "Description": " = D O = N O T = U S E = For experimental usage only -> change at your own risk! = This setting lets you choose if Eleanor will be added to the game. As of 0.9.0-beta.3, it is partly (not?) functional. When set to safe mode, Eleanor will be put out of the map but all progress with her will be kept. When off, Eleanor will be deleted from the game. Default setting: on."
    }
  },

  "DynamicTokens": [
    // Weekdays - edited code from https://stardewmodding.wiki.gg/wiki/Npc_template#Content.json
    {
      "Name": "DT_weekday",
      "Value": "Mon",
      "When": { "DayOfWeek": "Monday" }
    },
    {
      "Name": "DT_weekday",
      "Value": "Tue",
      "When": { "DayOfWeek": "Tuesday" }
    },
    {
      "Name": "DT_weekday",
      "Value": "Wed",
      "When": { "DayOfWeek": "Wednesday" }
    },
    {
      "Name": "DT_weekday",
      "Value": "Thu",
      "When": { "DayOfWeek": "Thursday" }
    },
    {
      "Name": "DT_weekday",
      "Value": "Fri",
      "When": { "DayOfWeek": "Friday" }
    },
    {
      "Name": "DT_weekday",
      "Value": "Sat",
      "When": { "DayOfWeek": "Saturday" }
    },
    {
      "Name": "DT_weekday",
      "Value": "Sun",
      "When": { "DayOfWeek": "Sunday" }
    },

    // (in)formality + GNMT support
    {
      "Name": "DT_name",
      "Value": "${Mr.^Ms.^Mx.}$ {{PlayerName}}"
    },
    {
      "Name": "DT_name",
      "Value": "{{Hana.GNMTokens/Title}} {{PlayerName}}",
      "When": {
        "HasSeenEvent |contains=StrojvedouciDenis.Eleanor_4hearts": false,
        "HasMod": "Hana.GNMTokens"
      }
    },
    {
      "Name": "DT_name",
      "Value": "{{PlayerName}}",
      "When": {
        "HasSeenEvent |contains=StrojvedouciDenis.Eleanor_4hearts": true
      }
    },

    // compatibilities
    // wizard changes
    {
      "Name": "DT_wizard_name",
      "Value": "Mr. Rasmodius"
    },
    {
      "Name": "DT_wizard_name",
      "Value": "M. Rasmodia",
      "When": {
        "HasMod |contains=Nom0ri.RomRas": true
      }
    },
    {
      "Name": "DT_wizard_fem",
      "Value": "he"
    },
    {
      "Name": "DT_wizard_fem",
      "Value": "she",
      "When": {
        "HasMod |contains=Nom0ri.RomRas": true
      }
    }
  ],

  "Changes": [
    // Dispositions //
    {
      "LogName": "{{ModId}} - NPC dispositions load command",
      "Action": "EditData",
      "Target": "Data/Characters",
      "Entries": {
        "StrojvedouciDenis.Eleanor": {
          // all dispositions with their definitions: https://stardewmodding.wiki.gg/wiki/Npc_template#Data/Characters,_Formerly_known_as_%22NPCDispositions%22_pre_1.6
          "DisplayName": "{{i18n:DisplayName}}",
          "Language": "default", // speaks normal Stardew Valley language (default = English) X also knows some arcane or magical languages
          "Gender": "female",
          "Age": "adult", // around 20? might change (23.1.2025)
          "Manner": "polite", // very polite
          "SocialAnxiety": "shy", // kinda shy, but should open up to player
          "Optimism": "neutral", // has realistic view on life
          "BirthSeason": "fall",
          "BirthDay": "18",
          "HomeRegion": "town",
          "IsDarkSkinned": "false",

          "CanSocialize": "true",
          "CanBeRomanced": "true", // not sure how bugged it will be (7.2.2025)
          "CanReceiveGifts": "true",
          "CanCommentOnPurchasedShopItems": "true",
          "CanGreetNearbyCharacters": "true",
          "CanVisitIsland": "true",
          "LoveInterest": "null", //not sure what it does
          "Calendar": "HiddenUntilMet",
          "SocialTab": "HiddenUntilMet",
          "SpouseAdopts": "null",
          "SpouseWantsChildren": "true",
          "SpouseGiftJealousy": "true",
          "SpouseGiftJealousyFriendshipChange": -15,

          /* 
   "SpouseRoom": {
        "MapAsset": "",
        "MapSourceRect": {
            "X": 0,
            "Y": 0,
            "Width": 0,
            "Height": 0
        }
    },
    "SpousePatio": {
        "MapAsset": "",
        "MapSourceRect": {
            "X": 0,
            "Y": 0,
            "Width": 0,
            "Height": 0
        },
        "SpriteAnimationFrames": [],
        "SpriteAnimationPixelOffset": {
            "X": 0,
            "Y": 0
        }
    },
    "SpouseFloors": "",
    "SpouseWallpapers": "", 
*/
          "IntroductionsQuest": "true",
          "ItemDeliveryQuests": "true",
          "PerfectionScore": "true",
          "EndSlideShow": "TrailingGroup", // Eleanor isn't important enough to be in the main group, so she'll be in the trailing group (with Wizard/Mr. Rasmodius, Sandy, Krobus, etc.)
          //"FriendsAndFamily": { "Wizard": "mentor" }, // NOT SURE IF WORKING NOR IF IT HAS ANY EFFECT (7.1.2025); should be using i18n

          // Dumpster Diving
          "DumpsterDiveEmote": "28",
          "DumpsterDiveFriendshipEffect": "-5",

          // Festivals
          "FlowerDanceCanDance": "false", // not supported... yet
          "WinterStarParticipant": "false", // not supported... yet
          //"WinterStarGifts": [],

          // Spawn Rules
          "UnlockConditions": "true",
          "SpawnIfMissing": "true",
          "Home": [
            {
              "ID": "Default",
              "Location": "WizardHouse",
              "Tile": {
                "X": 10,
                "Y": 17
              },
              "Direction": "down",
              "Condition": "true"
            }
          ],

          // Appearance & Sprite
          // I don't even want to know what are these lines of code doing, so let's just skip them - may the game use it's default or do whatever it wants
          /*
// keeping default
    "TextureName": "StrojvedouciDenis.Eleanor",
    "Appearance": [
        {
            "Id": "",
            "Season": "",
            "Indoors": "",
            "Outdoors": "",
            "Condition": "",
            "Portrait": "",
            "Sprite": "",
            "IsIslandAttire": "",
            "Precedence": 0,
            "Weight": 1
        }
    ],
    "MugShotSourceRect": {
        "X": 0,
        "Y": 0,
        "Width": 16,
        "Height": 24
    },
    "Size": {
        "X": 16,
        "Y": 32
    },
*/
          "Breather": "true",
          /*
// keeping default
    "BreathChestRect": {
        "X": 0,
        "Y": 0,
        "Width": 0,
        "Height": 0
    },
    "BreathChestPosition": {
        "X": 0,
        "Y": 0
    },
*/
          "Shadow": {
            "Visible": "true",
            "Offset": {
              "X": 0,
              "Y": 0
            },
            "Scale": 1
          },
          /*
    "EmoteOffset": {
        "X": 0,
        "Y": 0
    },
*/
          /*
    "ShakePortraits": [],
    "KissSpriteIndex": "",
    "KissSpriteFacingDirection": "true",
*/
          "HiddenProfileEmoteSound": "achievement", // some secret, don't remember what it was
          "HiddenProfileEmoteDuration": "5000" // some secret, don't remember what it was; 5000 = 5 seconds
          /*
    "HiddenProfileEmoteStartFrame": "",
    "HiddenProfileEmoteFrameCount": "",
    "HiddenProfileEmoteFrameDuration": "",
*/

          // Advanced
          // "CustomFields": "", // what is this? I don't know, so let's skip it
          // "FormerCharacterNames": ["Eleanor"] //could have been used as a callback for older name, but as I changed internal name before 0.7.0, it's not needed anymore, so commented out for compatibility
          // "FestivalVanillaActorIndex": ""
        }
      }
    },
    {
      "LogName": "{{ModId}} - safe mode disposition when turned on load command",
      "Action": "EditData",
      "Target": "Data/Characters",
      "Fields": {
        "StrojvedouciDenis.Eleanor": {
          "Home": [
            {
              "Id": "Default",
              "Location": "WizardHouse",
              "Tile": {
                "X": 1,
                "Y": 1
              }
            }
          ]
        }
      },
      "When": {
        "On/off": "safe mode"
      }
    },

    // Blank file triggering
    {
      "LogName": "{{ModId}} - blank file load command",
      "Action": "Load",
      "Target": "Characters/Dialogue/StrojvedouciDenis.Eleanor, Characters/schedules/StrojvedouciDenis.Eleanor",
      "FromFile": "assets/zzz_blankfile.json",
      "When": {
        "On/off": "on, safe mode"
      }
    },

    // Dialogues //
    {
      "LogName": "{{ModId}} - dialogues load command",
      "Action": "Include",
      "FromFile": "assets/dialogues.json",
      "When": {
        "On/off": "on, safe mode"
      }
    },

    // Events //
    {
      "LogName": "{{ModId}} - events load command",
      "Action": "Include",
      "FromFile": "assets/events.json",
      "When": {
        "On/off": "on, safe mode"
      }
    },

    // Festivals //
    {
      "LogName": "{{ModId}} - festivals load command",
      "Action": "Include",
      "FromFile": "assets/festivals.json",
      "When": {
        "On/off": "on, safe mode",
        "Festivals": "true"
      }
    },

    // Gifts //
    {
      "LogName": "{{ModId}} - gifts load command",
      "Action": "Include",
      "FromFile": "assets/gifts.json",
      "When": {
        "On/off": "on, safe mode"
      }
    },

    // Mails //
    /*
    {
      "LogName": "{{ModId}} - mails load command",
      "Action": "Include",
      "FromFile": "assets/mails.json",
      "When": {
        "On/off": "on, safe mode"
      }
    },
*/
    // Movies //
    {
      "LogName": "{{ModId}} - movies load command",
      "Action": "Include",
      "FromFile": "assets/movies.json",
      "When": {
        "On/off": "on, safe mode"
      }
    },

    // NPC sprites & portraits //
    {
      "LogName": "{{ModId}} - graphics load command",
      "Action": "Include",
      "FromFile": "assets/NPCgraphics.json",
      "When": {
        "On/off": "on, safe mode"
      }
    },

    // Schedule //
    {
      "LogName": "{{ModId}} - schedule load command",
      "Action": "Include",
      "FromFile": "assets/schedules.json",
      "When": {
        "On/off": "on, safe mode"
      }
    },

    // Secrets of Eleanor //
    {
      "LogName": "{{ModId}} - secrets load command",
      "Action": "Include",
      "FromFile": "assets/z_secrets.json",
      "When": {
        "On/off": "on, safe mode"
      }
    }
  ]
}
