{
  "Changes": [
    // Rasmodia
    {
      "LogName": "Eleanor - compatibility - Rasmodia - dialogues (n)",
      "Action": "EditData",
      "Target": "Characters/Dialogue/StrojvedouciDenis.Eleanor",
      "Entries": {
        "Fri2": "{{i18n:Dialogues.Fri2_rasmodia}}",
        "Mon4": "{{i18n:Dialogues.Mon4_rasmodia}}",
        "Tue4": "{{i18n:Dialogues.Tue4_rasmodia}}",
        "Sun4": "{{i18n:Dialogues.Sun4_rasmodia}}",
        "Sun6": "{{i18n:Dialogues.Sun6_rasmodia}}",
        "cc_Bus": "{{i18n:Dialogues.CT.cc_Bus_rasmodia}}",
        "cc_Complete": "{{i18n:Dialogues.CT.cc_Complete_rasmodia}}",
        "pamHouseUpgradeAnonymous": "{{i18n:Dialogues.CT.pamHouseUpgradeAnonymous_rasmodia}}",
        "jojaMartStruckByLightning": "{{i18n:Dialogues.CT.jojaMartStruckByLightning_rasmodia}}",
        "luauShorts": "{{i18n:Dialogues.CT.luauShorts_rasmodia}}",
        "AlectoIntroduction": "{{i18n:Dialogues.CT.AlectoIntroduction_rasmodia}}",
        "AlectoMr. RasmodiusTower": "{{i18n:Dialogues.CT.AlectoMr. RasmodiusTower_rasmodia}}",
        "JunaSign": "{{i18n:Dialogues.CT.JunaSign_rasmodia}}",
        "JunaGone": "{{i18n:Dialogues.CT.JunaGone_rasmodia}}",
        "JunaWizard": "{{i18n:Dialogues.CT.JunaWizard_rasmodia}}",
        "JunaProtectiveWizard": "{{i18n:Dialogues.CT.JunaProtectiveWizard_rasmodia}}",
        "BigFootWizard": "{{i18n:Dialogues.CT.BigFootWizard_rasmodia}}"
      },
      "When": {
        "HasMod": "Nom0ri.RomRas"
      }
    },
    /*
    commented out until marriage update
    {
      "LogName": "Eleanor - compatibility - Rasmodia - dialogues (m)",
      "Action": "EditData",
      "Target": "Data/EngagementDialogue",
      "Entries": {
        "Utility.cs.5367": "{{i18n:Dialogues.marriage.Utility.cs.5367_rasmodia}}",
        "Utility.cs.5369": "{{i18n:Dialogues.marriage.Utility.cs.5369_rasmodia}}"
      },
            "When": {
        "HasMod": "Nom0ri.RomRas"
      }
    },
    */
    {
      "LogName": "Eleanor - compatibility - Rasmodia - fal27 festivals",
      "Action": "EditData",
      "Target": "Data/Festivals/fall27",
      "Entries": {
        "StrojvedouciDenis.Eleanor": "{{i18n:Dialogues.festivals-fal27_rasmodia |DT_dialogues={{DT_dialogues}}}}"
      },
      "When": {
        "HasMod": "Nom0ri.RomRas"
      }
    },
    {
      "LogName": "Eleanor - compatibility - Rasmodia - event - 0hearts - Introduction",
      "Action": "EditData",
      "Target": "Data/Events/farm",
      "Entries": {
        "StrojvedouciDenis.Eleanor_Intro/e 112": "none/-1000 -1000/farmer 2 2 2 StrojvedouciDenis.Eleanor 3 3 0/skippable/pause 1111/speak StrojvedouciDenis.Eleanor \"{{i18n:Events.Intro.0 |DT_dialogues={{DT_dialogues}}}}\"/pause 555/emote farmer 40/pause 555/emote farmer 8/pause 555/speak StrojvedouciDenis.Eleanor \"{{i18n:Events.Intro.1 |DT_dialogues={{DT_dialogues}}}}\"/pause 1111/speak StrojvedouciDenis.Eleanor \"{{i18n:Events.Intro.2_rasmodia |DT_dialogues={{DT_dialogues}}}}\"/pause 1111/speak StrojvedouciDenis.Eleanor \"{{i18n:Events.Intro.3 |DT_dialogues={{DT_dialogues}}}}\"/pause 1111/speak StrojvedouciDenis.Eleanor \"{{i18n:Events.Intro.4|DT_dialogues={{DT_dialogues}}}}\"/pause 2222/addConversationTopic {{ModId}}.CT_Intro 2/end"
      },
      "When": {
        "HasMod": "Nom0ri.RomRas"
      }
    },
    {
      "LogName": "Eleanor - compatibility - Rasmodia - event - 2hearts",
      "Action": "EditData",
      "Target": "Data/Events/Forest",
      "Entries": {
        "StrojvedouciDenis.Eleanor_2hearts_q1_yes": "resetVariable/friendship StrojvedouciDenis.Eleanor 250/speak StrojvedouciDenis.Eleanor \"{{i18n:Events.2h.4_yes |DT_dialogues={{DT_dialogues}}}}\"/pause 2500/speak StrojvedouciDenis.Eleanor \"{{i18n:Events.2h.5_rasmodia |DT_dialogues={{DT_dialogues}}}}\"/end",
        "StrojvedouciDenis.Eleanor_2hearts_q1_no": "resetVariable/friendship StrojvedouciDenis.Eleanor -350/speak StrojvedouciDenis.Eleanor \"{{i18n:Events.2h.4_no |DT_dialogues={{DT_dialogues}}}}\"/pause 2500/speak StrojvedouciDenis.Eleanor \"{{i18n:Events.2h.5_rasmodia |DT_dialogues={{DT_dialogues}}}}\"/end"
      },
      "When": {
        "HasMod": "Nom0ri.RomRas"
      }
    },
    {
      "LogName": "Eleanor - compatibility - Rasmodia - event - 4hearts",
      "Action": "EditData",
      "Target": "Data/Events/Custom_WizardBasement",
      "Entries": {
        "StrojvedouciDenis.Eleanor_4hearts_ending_time": "resetVariable/pause 1111/speak StrojvedouciDenis.Eleanor \"{{i18n:Events.4h.7_time |DT_dialogues={{DT_dialogues}}}}\"/pause 111/emote farmer 56/move StrojvedouciDenis.Eleanor 10 0 0 farmer 0 -2 3/pause 1111/emote farmer 8/pause 1111/speak StrojvedouciDenis.Eleanor \"{{i18n:Events.4h.8_rasmodia |DT_dialogues={{DT_dialogues}}}}\"/pause 1111/message \"{{i18n:Events.4h.9 |DT_dialogues={{DT_dialogues}}}}\"/pause 111/move farmer 0 -3 3/pause 1111/message \"{{i18n:Events.4h.10 |DT_dialogues={{DT_dialogues}}}}\"/pause 1111/emote farmer 40/pause 1111/message \"{{i18n:Events.4h.11 |DT_dialogues={{DT_dialogues}}}}\"/pause 111/move StrojvedouciDenis.Eleanor -15 0 0/move StrojvedouciDenis.Eleanor 0 -4 3/pause 1111/speak StrojvedouciDenis.Eleanor \"{{i18n:Events.4h.12 |DT_dialogues={{DT_dialogues}}}}\"/pause 1111/speak StrojvedouciDenis.Eleanor \"{{i18n:Events.4h.13 |DT_dialogues={{DT_dialogues}}}}\"/pause 111/emote farmer 56/end"
      },
      "When": {
        "HasMod": "Nom0ri.RomRas"
      }
    }
    /*
    commented out until marriage update
        "Events.14h-p1.34": "{{i18n:Events.14h-p1.34_rasmodia}}",
        "Events.14h-p2.0": "{{i18n:Events.14h-p2.0_rasmodia}}",
        "Events.14h-p2.5": "{{i18n:Events.14h-p2.5_rasmodia}}",
        "Events.14h-p3.0": "{{i18n:Events.14h-p3.0_rasmodia}}",
        "Events.14h-p3.6": "{{i18n:Events.14h-p3.6_rasmodia}}",
        "Events.14h-p3.41": "{{i18n:Events.14h-p3.41_rasmodia}}",
*/
  ]
}

