{
  "Changes": [
    // strings
    {
      "LogName": "Eleanor - dialogues - schedule strings",
      "Action": "EditData",
      "Target": "Strings/schedules/StrojvedouciDenis.Eleanor",
      "Entries": {
        "safemode": "{{i18n:Schedule.safemode |DT_dialogues={{DT_dialogues}}}}"
      }
    },

    // Safe mode schedule
    {
      "LogName": "Eleanor - safe mode schedule",
      "Action": "EditData",
      "Target": "Characters/schedules/StrojvedouciDenis.Eleanor",
      "Entries": {
        "spring": "0 WizardHouse 1 1 1 \"Strings\\schedules\\Eleanor:Eleanor.safemode\""
      },
      "When": {
        "On/off": "safe mode"
      }
    },
    // (not so) normal schedule
    {
      "LogName": "Eleanor - schedule before intro event",
      "Action": "EditData",
      "Target": "Characters/schedules/StrojvedouciDenis.Eleanor",
      "Entries": {
        "spring": "a610 WizardHouse 5 15 2/a1630 Custom_WizardBasement 13 5 2/a2230 Custom_WizardBasement 23 6 2"
      },
      "When": {
        "On/off": "on",
        "HasSeenEvent |contains=StrojvedouciDenis.Eleanor_Intro": false
      }
    },
    {
      "LogName": "Eleanor - basic schedule",
      "Action": "EditData",
      "Target": "Characters/schedules/StrojvedouciDenis.Eleanor",
      "Entries": {
        "spring": "a610 WizardHouse 5 15 2/a1300 Town 72 54 2/1700 WizardHouse 12 2 2/a2100 Custom_WizardBasement 13 5 2/2400 Custom_WizardBasement 23 6 2",
        "spring_Mon": "a610 WizardHouse 5 15 2/a1500 Mountain 57 33 1/a2030 Forest 43 79 2/2100 Custom_WizardBasement 13 5 2/a2330 Custom_WizardBasement 23 6 2",
        "spring_Tue": "a610 WizardHouse 5 15 2/a1600 Forest 58 87 2/1900 Custom_WizardBasement 13 5 2/a2330 Custom_WizardBasement 23 6 2",
        "spring_Wed": "a610 WizardHouse 5 15 2/a1300 Town 72 54 2/1700 WizardHouse 12 2 2/a2100 Custom_WizardBasement 13 5 2/2400 Custom_WizardBasement 23 6 2",
        "spring_Thu": "a610 WizardHouse 5 15 2/a1600 Forest 58 87 2/1900 Custom_WizardBasement 13 5 2/a2330 Custom_WizardBasement 23 6 2",
        "spring_Fri": "a610 WizardHouse 5 15 2/a1300 Forest 16 30 1/1530 WizardHouse 2 16 3/1800 Custom_WizardBasement 13 5 2/a2330 Custom_WizardBasement 23 6 2",
        "spring_Sat": "a610 WizardHouse 5 15 2/a910 SeedShop 12 29 3/a1000 SeedShop 4 19 0/1010 Town 85 103 2/a2000 WizardHouse 13 5 0/a2400 Custom_WizardBasement 23 6 2",
        "spring_Sun": "610 Forest 111 81 0/a1200 Forest 36 99 3/a1600 Custom_AuroraVineyard 15 17 3/1630 Custom_AuroraVineyard 23 17 0/1700 Custom_AuroraVineyard 19 6 1/1730 Custom_AuroraVineyard 6 6 3/1800 Forest 16 30 1/a2100 Custom_WizardBasement 13 5 0/2300 Custom_WizardBasement 23 6 2",

        "summer": "a610 WizardHouse 5 15 2/a1500 Mountain 68 24 3/a1930 Beach 20 20 2/a2430 Custom_WizardBasement 23 6 2",
        "summer_Mon": "a610 WizardHouse 5 15 2/a1500 Mountain 68 24 3/a1930 Beach 20 20 2/a2430 Custom_WizardBasement 23 6 2",
        "summer_Tue": "a610 WizardHouse 5 15 2/a1600 Forest 58 87 2/1930 Custom_WizardBasement 13 5 2/a2500 Custom_WizardBasement 23 6 2",
        "summer_Wed": "a610 WizardHouse 5 15 2/a1300 Town 72 54 2/1700 WizardHouse 12 2 2/a2100 Custom_WizardBasement 13 5 2/2400 Custom_WizardBasement 23 6 2",
        "summer_Thu": "a610 WizardHouse 5 15 2/a1600 Forest 58 87 2/1930 Custom_WizardBasement 13 5 2/a2330 Custom_WizardBasement 23 6 2",
        "summer_Fri": "a610 WizardHouse 5 15 2/a1500 Mountain 68 24 3/a1930 Beach 20 20 2/a2430 Custom_WizardBasement 23 6 2",
        "summer_Sat": "a610 WizardHouse 5 15 2/a910 SeedShop 12 29 3/a1000 SeedShop 4 19 0/1010 Town 85 103 2/1300 Adventure Guild 1 12 1/a2000 WizardHouse 13 5 0/a2400 Custom_WizardBasement 23 6 2",
        "summer_Sun": "610 Forest 111 81 0/a1230 Forest 36 99 3/a1600 Custom_AuroraVineyard 15 17 3/1630 Custom_AuroraVineyard 23 17 0/1700 Custom_AuroraVineyard 19 6 1/1730 Custom_AuroraVineyard 6 6 3/1800 Forest 16 30 1/a2100 Custom_WizardBasement 13 5 0/2400 Custom_WizardBasement 23 6 2",

        "fall": "a610 WizardHouse 5 15 2/1500 Forest 52 98 1/2030 Custom_WizardBasement 13 5 2/a2330 Custom_WizardBasement 23 6 2",
        "fall_Mon": "a610 WizardHouse 5 15 2/a1500 Mountain 68 24 3/a1930 Beach 20 20 2/a2430 Custom_WizardBasement 23 6 2",
        "fall_Tue": "a610 WizardHouse 5 15 2/a1600 Forest 58 87 2/1930 Custom_WizardBasement 13 5 2/a2330 Custom_WizardBasement 23 6 2",
        "fall_Wed": "a610 WizardHouse 5 15 2/a1300 Town 72 54 2/1700 WizardHouse 12 2 2/a2100 Custom_WizardBasement 13 5 2/2400 Custom_WizardBasement 23 6 2",
        "fall_Thu": "a610 WizardHouse 5 15 2/a1600 Forest 58 87 2/1930 Custom_WizardBasement 13 5 2/a2330 Custom_WizardBasement 23 6 2",
        "fall_Fri": "a610 WizardHouse 5 15 2/a1230 Custom_AdventurerSummit 6 14 2/a1630 Forest 52 98 1/2130 Custom_WizardBasement 13 5 2/a2330 Custom_WizardBasement 23 6 2",
        "fall_Sat": "a610 WizardHouse 5 15 2/a910 SeedShop 12 29 3/a1000 SeedShop 4 19 0/1010 Custom_AdventurerSummit 6 14 2/a1800 Forest 52 98 1/2030 Custom_WizardBasement 13 5 2/a2230 Custom_WizardBasement 23 6 2",
        "fall_Sun": "610 Forest 111 81 0/a1330 Forest 36 99 3/a1600 Custom_AuroraVineyard 15 17 3/1630 Custom_AuroraVineyard 23 17 0/1700 Custom_AuroraVineyard 19 6 1/1730 Custom_AuroraVineyard 6 6 3/1800 Forest 16 30 1//a2100 Custom_WizardBasement 23 6 2",

        "winter": "a610 WizardHouse 5 15 2/a1300 Custom_BlueMoonVineyard 31 56 2/1330 Forest 24 68 1/a1800 Custom_WizardBasement 13 5 2/a2130 Custom_WizardBasement 23 6 2",
        "winter_Mon": "a610 WizardHouse 5 15 2/a1500 Mountain 68 24 3/a1930 Beach 20 20 2/a2230 Custom_WizardBasement 23 6 2",
        "winter_Tue": "a610 WizardHouse 5 15 2/a1600 Forest 58 87 2/1930 Custom_WizardBasement 13 5 2/a2330 Custom_WizardBasement 23 6 2",
        "winter_Wed": "a610 WizardHouse 5 15 2/a1300 Town 72 54 2/1700 WizardHouse 12 2 2/a2100 Custom_WizardBasement 13 5 2/a2300 Custom_WizardBasement 23 6 2",
        "winter_Thu": "a610 WizardHouse 5 15 2/a1600 Forest 58 87 2/1930 Custom_WizardBasement 13 5 2/a2330 Custom_WizardBasement 23 6 2",
        "winter_Fri": "a610 WizardHouse 5 15 2/a1500 Mountain 68 24 3/a1930 Beach 20 20 2/a2230 Custom_WizardBasement 23 6 2",
        "winter_Sat": "a610 WizardHouse 5 15 2/a910 SeedShop 12 29 3/a1000 SeedShop 4 19 0/1010 Forest 16 30 1/a1700 Custom_WizardBasement 13 5 2/a2200 Custom_WizardBasement 23 6 2",
        "winter_Sun": "a610 WizardHouse 5 15 2/a1400 Custom_AuroraVineyard 15 17 3/a1420 Custom_AuroraVineyard 23 17 0/a1440 Custom_AuroraVineyard 19 6 1/a1500 Custom_AuroraVineyard 6 6 3/1520 Custom_WizardBasement 13 5 0/1800 Custom_WizardBasement 13 5 2/a2130 Custom_WizardBasement 23 6 2",

        "rain": "a610 WizardHouse 5 15 2/1100 Forest 16 30 1/a1630 Custom_WizardBasement 13 5 2/a2230 Custom_WizardBasement 23 6 2",
        "GreenRain": "a610 WizardHouse 5 15 2/1200 Forest 16 30 1/a1330 Custom_WizardBasement 13 5 2/a2230 Custom_WizardBasement 23 6 2"
      },
      "When": {
        "On/off": "on",
        "HasSeenEvent |contains=StrojvedouciDenis.Eleanor_Intro": true
      }
    },

    {
      "LogName": "Eleanor - schedule - RSV+ES",
      "Action": "EditData",
      "Target": "Characters/schedules/StrojvedouciDenis.Eleanor",
      "Entries": {
        "spring_Fri": "0 Custom_Ridgeside_AguarBasement 7 8 3/a630 Custom_Ridgeside_RidgesideVillage 112 105 0/700 Custom_Ridgeside_Ridge 91 12 1/a1400 Custom_Ridgeside_RSVCliff 80 23 1/a1630 Town 52 86 3/a2030 EastScarp_Village 31 63 2/2100 EastScarp_OrchardHouse 4 22 3",

        "summer_Fri": "0 Custom_Ridgeside_AguarBasement 7 8 3/a630 Custom_Ridgeside_RidgesideVillage 112 105 0/700 Custom_Ridgeside_Ridge 91 12 1/a1400 Custom_Ridgeside_RSVCliff 80 23 1/a1630 Town 52 86 3/a2100 EastScarp_Village 31 63 2/a2330 EastScarp_OrchardHouse 4 22 3",

        "fall_Fri": "0 Custom_Ridgeside_AguarBasement 7 8 3/a630 Custom_Ridgeside_RidgesideVillage 112 105 0/700 Custom_Ridgeside_Ridge 91 12 1/a1400 Custom_Ridgeside_RSVCliff 80 23 1/a1700 Town 52 86 3/a2030 EastScarp_Village 31 63 2/2100 EastScarp_OrchardHouse 4 22 3"
      },
      "When": {
        "HasMod": "Rafseazz.RSVCP, LemurKat.EastScarpe.CP",
        "On/off": "on",
        "HasSeenEvent |contains=StrojvedouciDenis.Eleanor_Intro": true
      }
    },

    {
      "LogName": "Eleanor - schedule - Hogwarts",
      "Action": "EditData",
      "Target": "Characters/schedules/StrojvedouciDenis.Eleanor",
      "Entries": {
        "summer_3": "0 HogwartsET.CP.Hogwarts_HogsmeadeStation 16 14 2/610 HogwartsET.CP.Hogwarts_HogsmeadeVillage 22 24 0/a2300 HogwartsET.CP.Hogwarts_HogsmeadeStation 16 14 2",
        "summer_4": "0 HogwartsET.CP.Hogwarts_HogsmeadeStation 16 14 2/610 HogwartsET.CP.Hogwarts_HogsmeadeVillage 22 24 0/a2300 HogwartsET.CP.Hogwarts_HogsmeadeStation 16 14 2",
        "summer_5": "0 HogwartsET.CP.Hogwarts_HogsmeadeStation 16 14 2/610 HogwartsET.CP.Hogwarts_HogsmeadeVillage 22 24 0/a2300 HogwartsET.CP.Hogwarts_HogsmeadeStation 16 14 2",
        "summer_6": "0 HogwartsET.CP.Hogwarts_HogsmeadeStation 16 14 2/610 HogwartsET.CP.Hogwarts_HogsmeadeVillage 22 24 0/a2300 HogwartsET.CP.Hogwarts_HogsmeadeStation 16 14 2",
        "summer_7": "0 HogwartsET.CP.Hogwarts_HogsmeadeStation 16 14 2/610 HogwartsET.CP.Hogwarts_HogsmeadeVillage 22 24 0/a2300 HogwartsET.CP.Hogwarts_HogsmeadeStation 16 14 2"
      },
      "When": {
        "HasMod": "HogwartsET.CP.Hogwarts",
        "On/off": "on",
        "HasSeenEvent |contains=StrojvedouciDenis.Eleanor_Intro": true
      }
    }
  ]
}
