{
/*
https://stardewvalleywiki.com/Modding:Schedule_data
*/
  "Changes": [
    {
      "LogName": "Eleanor - dialogues - weekday",
      "Action": "EditData",
      "Target": "Characters/Dialogue/StrojvedouciDenis.Eleanor",
      "Entries": {
        // GENERIC DIALOGUE
        "{{DT_weekday}}": "{{i18n:Dialogues.0hearts.random.{{Random:{{Range:0,6}}}}|DT_name={{DT_name}} |DT_wizard_name={{DT_wizard_name}} |DT_wizard_fem={{DT_wizard_fem}} |default={{i18n:key_not_found}}}}",

        "{{DT_weekday}}2": "{{i18n:Dialogues.{{DT_weekday}}2 |DT_name={{DT_name}} |DT_wizard_name={{DT_wizard_name}} |DT_wizard_fem={{DT_wizard_fem}} |default={{i18n:key_not_found}}}}",

        "{{DT_weekday}}4": "{{i18n:Dialogues.{{DT_weekday}}4 |DT_name={{DT_name}} |DT_wizard_name={{DT_wizard_name}} |DT_wizard_fem={{DT_wizard_fem}} |default={{i18n:key_not_found}}}}",

        "{{DT_weekday}}6": "{{i18n:Dialogues.{{DT_weekday}}6 |DT_name={{DT_name}} |DT_wizard_name={{DT_wizard_name}} |DT_wizard_fem={{DT_wizard_fem}} |default={{i18n:key_not_found}}}}",

        "{{DT_weekday}}8": "{{i18n:Dialogues.{{DT_weekday}}8 |DT_name={{DT_name}} |DT_wizard_name={{DT_wizard_name}} |DT_wizard_fem={{DT_wizard_fem}} |default={{i18n:key_not_found}}}}",

        "{{DT_weekday}}10": "{{i18n:Dialogues.{{DT_weekday}}10 |DT_name={{DT_name}} |DT_wizard_name={{DT_wizard_name}} |DT_wizard_fem={{DT_wizard_fem}} |default={{i18n:key_not_found}}}}",

        // SPECIFIC DAY DIALOGUE
        // Note: Works only in the first year. Use format season_dayOfMonth_2 for year 2 and later (e.g., "summer_10_2"). To target specific years, use CP conditions with the "_2" suffix.

        "{{Lowercase:{{Season}}_{{Day}}}}": "{{i18n:Dialogues.{{Season}}.{{Random:{{Range:1,4}}}} |DT_name={{DT_name}} |DT_wizard_name={{DT_wizard_name}} |DT_wizard_fem={{DT_wizard_fem}} |default={{i18n:key_not_found}}}}", // using season_day as a game key but season.1-10 as dialogue key
        "{{Lowercase:{{Season}}_{{Day}}}}_2": "{{i18n:Dialogues.{{Season}}.{{Random:{{Range:1,4}}}} |DT_name={{DT_name}} |DT_wizard_name={{DT_wizard_name}} |DT_wizard_fem={{DT_wizard_fem}} |default={{i18n:key_not_found}}}}", // using season_day as a game key but season.1-10 as dialogue key

        "spring_12": "{{i18n:Dialogues.spring_12 |DT_name={{DT_name}} |DT_wizard_name={{DT_wizard_name}} |DT_wizard_fem={{DT_wizard_fem}} |default={{i18n:key_not_found}}}}",
        "spring_23": "{{i18n:Dialogues.spring_23 |DT_name={{DT_name}} |DT_wizard_name={{DT_wizard_name}} |DT_wizard_fem={{DT_wizard_fem}} |default={{i18n:key_not_found}}}}",

        "spring_1_2": "{{i18n:Dialogues.spring_1_2 |DT_name={{DT_name}} |DT_wizard_name={{DT_wizard_name}} |DT_wizard_fem={{DT_wizard_fem}} |default={{i18n:key_not_found}}}}",
        "spring_12_2": "{{i18n:Dialogues.spring_12_2 |DT_name={{DT_name}} |DT_wizard_name={{DT_wizard_name}} |DT_wizard_fem={{DT_wizard_fem}} |default={{i18n:key_not_found}}}}",
        "spring_23_2": "{{i18n:Dialogues.spring_23_2 |DT_name={{DT_name}} |DT_wizard_name={{DT_wizard_name}} |DT_wizard_fem={{DT_wizard_fem}} |default={{i18n:key_not_found}}}}",

        "summer_1": "{{i18n:Dialogues.summer_1 |DT_name={{DT_name}} |DT_wizard_name={{DT_wizard_name}} |DT_wizard_fem={{DT_wizard_fem}} |default={{i18n:key_not_found}}}}",
        "summer_10": "{{i18n:Dialogues.summer_10 |DT_name={{DT_name}} |DT_wizard_name={{DT_wizard_name}} |DT_wizard_fem={{DT_wizard_fem}} |default={{i18n:key_not_found}}}}",
        "summer_27": "{{i18n:Dialogues.summer_27 |DT_name={{DT_name}} |DT_wizard_name={{DT_wizard_name}} |DT_wizard_fem={{DT_wizard_fem}} |default={{i18n:key_not_found}}}}",

        "summer_1_2": "{{i18n:Dialogues.summer_1_2 |DT_name={{DT_name}} |DT_wizard_name={{DT_wizard_name}} |DT_wizard_fem={{DT_wizard_fem}} |default={{i18n:key_not_found}}}}",
        "summer_10_2": "{{i18n:Dialogues.summer_10_2 |DT_name={{DT_name}} |DT_wizard_name={{DT_wizard_name}} |DT_wizard_fem={{DT_wizard_fem}} |default={{i18n:key_not_found}}}}",
        "summer_27_2": "{{i18n:Dialogues.summer_27_2 |DT_name={{DT_name}} |DT_wizard_name={{DT_wizard_name}} |DT_wizard_fem={{DT_wizard_fem}} |default={{i18n:key_not_found}}}}",

        "fall_1_1": "{{i18n:Dialogues.fall_1_1 |DT_name={{DT_name}} |DT_wizard_name={{DT_wizard_name}} |DT_wizard_fem={{DT_wizard_fem}} |default={{i18n:key_not_found}}}}",
        "fall_15": "{{i18n:Dialogues.fall_15 |DT_name={{DT_name}} |DT_wizard_name={{DT_wizard_name}} |DT_wizard_fem={{DT_wizard_fem}} |default={{i18n:key_not_found}}}}",
        "fall_17": "{{i18n:Dialogues.fall_17 |DT_name={{DT_name}} |DT_wizard_name={{DT_wizard_name}} |DT_wizard_fem={{DT_wizard_fem}} |default={{i18n:key_not_found}}}}",
        "fall_18": "{{i18n:Dialogues.fall_18 |DT_name={{DT_name}} |DT_wizard_name={{DT_wizard_name}} |DT_wizard_fem={{DT_wizard_fem}} |default={{i18n:key_not_found}}}}",
        "fall_26": "{{i18n:Dialogues.fall_26 |DT_name={{DT_name}} |DT_wizard_name={{DT_wizard_name}} |DT_wizard_fem={{DT_wizard_fem}} |default={{i18n:key_not_found}}}}",

        "fall_1_2": "{{i18n:Dialogues.fall_1_2 |DT_name={{DT_name}} |DT_wizard_name={{DT_wizard_name}} |DT_wizard_fem={{DT_wizard_fem}} |default={{i18n:key_not_found}}}}",
        "fall_15_2": "{{i18n:Dialogues.fall_15_2 |DT_name={{DT_name}} |DT_wizard_name={{DT_wizard_name}} |DT_wizard_fem={{DT_wizard_fem}} |default={{i18n:key_not_found}}}}",
        "fall_17_2": "{{i18n:Dialogues.fall_17_2 |DT_name={{DT_name}} |DT_wizard_name={{DT_wizard_name}} |DT_wizard_fem={{DT_wizard_fem}} |default={{i18n:key_not_found}}}}",
        "fall_18_2": "{{i18n:Dialogues.fall_18_2 |DT_name={{DT_name}} |DT_wizard_name={{DT_wizard_name}} |DT_wizard_fem={{DT_wizard_fem}} |default={{i18n:key_not_found}}}}",
        "fall_26_2": "{{i18n:Dialogues.fall_26_2 |DT_name={{DT_name}} |DT_wizard_name={{DT_wizard_name}} |DT_wizard_fem={{DT_wizard_fem}} |default={{i18n:key_not_found}}}}",

        "winter_1": "{{i18n:Dialogues.winter_1 |DT_name={{DT_name}} |DT_wizard_name={{DT_wizard_name}} |DT_wizard_fem={{DT_wizard_fem}} |default={{i18n:key_not_found}}}}",
        "winter_7": "{{i18n:Dialogues.winter_7 |DT_name={{DT_name}} |DT_wizard_name={{DT_wizard_name}} |DT_wizard_fem={{DT_wizard_fem}} |default={{i18n:key_not_found}}}}",
        "winter_23": "{{i18n:Dialogues.winter_23 |DT_name={{DT_name}} |DT_wizard_name={{DT_wizard_name}} |DT_wizard_fem={{DT_wizard_fem}} |default={{i18n:key_not_found}}}}",
        "winter_24": "{{i18n:Dialogues.winter_24 |DT_name={{DT_name}} |DT_wizard_name={{DT_wizard_name}} |DT_wizard_fem={{DT_wizard_fem}} |default={{i18n:key_not_found}}}}",
        "winter_28": "{{i18n:Dialogues.winter_28 |DT_name={{DT_name}} |DT_wizard_name={{DT_wizard_name}} |DT_wizard_fem={{DT_wizard_fem}} |default={{i18n:key_not_found}}}}",

        "winter_1_2": "{{i18n:Dialogues.winter_1_2 |DT_name={{DT_name}} |DT_wizard_name={{DT_wizard_name}} |DT_wizard_fem={{DT_wizard_fem}} |default={{i18n:key_not_found}}}}",
        "winter_7_2": "{{i18n:Dialogues.winter_7_2 |DT_name={{DT_name}} |DT_wizard_name={{DT_wizard_name}} |DT_wizard_fem={{DT_wizard_fem}} |default={{i18n:key_not_found}}}}",
        "winter_23_2": "{{i18n:Dialogues.winter_23_2 |DT_name={{DT_name}} |DT_wizard_name={{DT_wizard_name}} |DT_wizard_fem={{DT_wizard_fem}} |default={{i18n:key_not_found}}}}",
        "winter_24_2": "{{i18n:Dialogues.winter_24_2 |DT_name={{DT_name}} |DT_wizard_name={{DT_wizard_name}} |DT_wizard_fem={{DT_wizard_fem}} |default={{i18n:key_not_found}}}}",
        "winter_28_2": "{{i18n:Dialogues.winter_28_2 |DT_name={{DT_name}} |DT_wizard_name={{DT_wizard_name}} |DT_wizard_fem={{DT_wizard_fem}} |default={{i18n:key_not_found}}}}",

        // Special dialogues
        "FlowerDance_Decline": "{{i18n:Dialogues.FlowerDance_Decline |DT_name={{DT_name}} |DT_wizard_name={{DT_wizard_name}} |DT_wizard_fem={{DT_wizard_fem}} |default={{i18n:key_not_found}}}}",
        "HitBySlingshot": "{{i18n:Dialogues.HitBySlingshot |DT_name={{DT_name}} |DT_wizard_name={{DT_wizard_name}} |DT_wizard_fem={{DT_wizard_fem}} |default={{i18n:key_not_found}}}}",
        "Resort": "{{i18n:Dialogues.Resort |DT_name={{DT_name}} |DT_wizard_name={{DT_wizard_name}} |DT_wizard_fem={{DT_wizard_fem}} |default={{i18n:key_not_found}}}}",
        "SpouseFarmhouseClutter": "{{i18n:Dialogues.SpouseFarmhouseClutter |DT_name={{DT_name}} |DT_wizard_name={{DT_wizard_name}} |DT_wizard_fem={{DT_wizard_fem}} |default={{i18n:key_not_found}}}}",
        "SpouseGiftJealous": "{{i18n:Dialogues.SpouseGiftJealous |DT_name={{DT_name}} |DT_wizard_name={{DT_wizard_name}} |DT_wizard_fem={{DT_wizard_fem}} |default={{i18n:key_not_found}}}}",
        "Spouse_MonstersInHouse": "{{i18n:Dialogues.Spouse_MonstersInHouse |DT_name={{DT_name}} |DT_wizard_name={{DT_wizard_name}} |DT_wizard_fem={{DT_wizard_fem}} |default={{i18n:key_not_found}}}}",
        "WipedMemory": "{{i18n:Dialogues.WipedMemory |DT_name={{DT_name}} |DT_wizard_name={{DT_wizard_name}} |DT_wizard_fem={{DT_wizard_fem}} |DT_wizard_name={{DT_wizard_name}} |DT_wizard_fem={{DT_wizard_fem}}}}"
      }
    },
    // Dialogues for other mods = CT's //

    // Own CT's
    {
      "LogName": "Eleanor - CT's - Abigail",
      "Action": "EditData",
      "Target": "Characters/Dialogue/Abigail",
      "Entries": {
        "StrojvedouciDenis.Eleanor.CT_Intro": "{{i18n:Dialogues.CT_Intro_Abigail |DT_name={{DT_name}} |DT_wizard_name={{DT_wizard_name}} |DT_wizard_fem={{DT_wizard_fem}} |DT_wizard_name={{DT_wizard_name}} |DT_wizard_fem={{DT_wizard_fem}}}}"
      }
    },
    {
      "LogName": "Eleanor - CT's - Leah",
      "Action": "EditData",
      "Target": "Characters/Dialogue/Leah",
      "Entries": {
        "StrojvedouciDenis.Eleanor.CT_Intro": "{{i18n:Dialogues.CT_Intro_Leah |DT_name={{DT_name}} |DT_wizard_name={{DT_wizard_name}} |DT_wizard_fem={{DT_wizard_fem}} |DT_wizard_name={{DT_wizard_name}} |DT_wizard_fem={{DT_wizard_fem}}}}"
      }
    },
    {
      "LogName": "Eleanor - CT's - Linus",
      "Action": "EditData",
      "Target": "Characters/Dialogue/Linus",
      "Entries": {
        "StrojvedouciDenis.Eleanor.CT_Intro": "{{i18n:Dialogues.CT_Intro_Linus |DT_name={{DT_name}} |DT_wizard_name={{DT_wizard_name}} |DT_wizard_fem={{DT_wizard_fem}} |DT_wizard_name={{DT_wizard_name}} |DT_wizard_fem={{DT_wizard_fem}}}}"
      }
    },
    {
      "LogName": "Eleanor - CT's - Pierre",
      "Action": "EditData",
      "Target": "Characters/Dialogue/Pierre",
      "Entries": {
        "StrojvedouciDenis.Eleanor.CT_Intro": "{{i18n:Dialogues.CT_Intro_Pierre |DT_name={{DT_name}} |DT_wizard_name={{DT_wizard_name}} |DT_wizard_fem={{DT_wizard_fem}} |DT_wizard_name={{DT_wizard_name}} |DT_wizard_fem={{DT_wizard_fem}}}}"
      }
    },
    {
      "LogName": "Eleanor - CT's - Wizard",
      "Action": "EditData",
      "Target": "Characters/Dialogue/Wizard",
      "Entries": {
        "StrojvedouciDenis.Eleanor.CT_Intro": "{{i18n:Dialogues.CT_Intro_Wizard |DT_name={{DT_name}} |DT_wizard_name={{DT_wizard_name}} |DT_wizard_fem={{DT_wizard_fem}} |DT_wizard_name={{DT_wizard_name}} |DT_wizard_fem={{DT_wizard_fem}}}}"
      }
    },

    {
      "LogName": "Eleanor - dialogues - CT's selection",
      "Action": "EditData",
      "Target": "Characters/Dialogue/StrojvedouciDenis.Eleanor",
      "Entries": {
        //Conversation Topics
        //Vanilla & Vanilla+ (More Conversation Topics mod + 1.6 strings)
        "Introduction": "{{i18n:Dialogues.CT.Introduction |DT_name={{DT_name}} |DT_wizard_name={{DT_wizard_name}} |DT_wizard_fem={{DT_wizard_fem}} |default={{i18n:key_not_found}}}}",
        "danceRejection": "{{i18n:Dialogues.CT.danceRejection |DT_name={{DT_name}} |DT_wizard_name={{DT_wizard_name}} |DT_wizard_fem={{DT_wizard_fem}} |default={{i18n:key_not_found}}}}",
        "divorced": "{{i18n:Dialogues.CT.divorced |DT_name={{DT_name}} |DT_wizard_name={{DT_wizard_name}} |DT_wizard_fem={{DT_wizard_fem}} |default={{i18n:key_not_found}}}}",
        "breakUp": "{{i18n:Dialogues.CT.breakUp |DT_name={{DT_name}} |DT_wizard_name={{DT_wizard_name}} |DT_wizard_fem={{DT_wizard_fem}} |default={{i18n:key_not_found}}}}",

        "joja_Begin": "{{i18n:Dialogues.CT.joja_Begin |DT_name={{DT_name}} |DT_wizard_name={{DT_wizard_name}} |DT_wizard_fem={{DT_wizard_fem}} |default={{i18n:key_not_found}}}}",
        "cc_Begin": "{{i18n:Dialogues.CT.cc_Begin |DT_name={{DT_name}} |DT_wizard_name={{DT_wizard_name}} |DT_wizard_fem={{DT_wizard_fem}} |default={{i18n:key_not_found}}}}",
        "cc_Boulder": "{{i18n:Dialogues.CT.cc_Boulder |DT_name={{DT_name}} |DT_wizard_name={{DT_wizard_name}} |DT_wizard_fem={{DT_wizard_fem}} |default={{i18n:key_not_found}}}}",
        "cc_Bridge": "{{i18n:Dialogues.CT.cc_Bridge |DT_name={{DT_name}} |DT_wizard_name={{DT_wizard_name}} |DT_wizard_fem={{DT_wizard_fem}} |default={{i18n:key_not_found}}}}",
        "cc_Bus": "{{i18n:Dialogues.CT.cc_Bus |DT_name={{DT_name}} |DT_wizard_name={{DT_wizard_name}} |DT_wizard_fem={{DT_wizard_fem}} |default={{i18n:key_not_found}}}}",
        "cc_Greenhouse": "{{i18n:Dialogues.CT.cc_Greenhouse |DT_name={{DT_name}} |DT_wizard_name={{DT_wizard_name}} |DT_wizard_fem={{DT_wizard_fem}} |default={{i18n:key_not_found}}}}",
        "cc_Minecart": "{{i18n:Dialogues.CT.cc_Minecart |DT_name={{DT_name}} |DT_wizard_name={{DT_wizard_name}} |DT_wizard_fem={{DT_wizard_fem}} |default={{i18n:key_not_found}}}}",
        "cc_Complete": "{{i18n:Dialogues.CT.cc_Complete |DT_name={{DT_name}} |DT_wizard_name={{DT_wizard_name}} |DT_wizard_fem={{DT_wizard_fem}} |default={{i18n:key_not_found}}}}",
        "movieTheater": "{{i18n:Dialogues.CT.movieTheater |DT_name={{DT_name}} |DT_wizard_name={{DT_wizard_name}} |DT_wizard_fem={{DT_wizard_fem}} |default={{i18n:key_not_found}}}}",
        "willyCrabs": "{{i18n:Dialogues.CT.willyCrabs |DT_name={{DT_name}} |DT_wizard_name={{DT_wizard_name}} |DT_wizard_fem={{DT_wizard_fem}} |default={{i18n:key_not_found}}}}",
        "pamHouseUpgrade": "{{i18n:Dialogues.CT.pamHouseUpgrade |DT_name={{DT_name}} |DT_wizard_name={{DT_wizard_name}} |DT_wizard_fem={{DT_wizard_fem}} |default={{i18n:key_not_found}}}}",
        "pamHouseUpgradeAnonymous": "{{i18n:Dialogues.CT.pamHouseUpgradeAnonymous |DT_name={{DT_name}} |DT_wizard_name={{DT_wizard_name}} |DT_wizard_fem={{DT_wizard_fem}} |default={{i18n:key_not_found}}}}",
        "railroadEarthquake": "{{i18n:Dialogues.CT.railroadEarthquake |DT_name={{DT_name}} |DT_wizard_name={{DT_wizard_name}} |DT_wizard_fem={{DT_wizard_fem}} |default={{i18n:key_not_found}}}}",
        "islandResortUnlocked": "{{i18n:Dialogues.CT.islandResortUnlocked |DT_name={{DT_name}} |DT_wizard_name={{DT_wizard_name}} |DT_wizard_fem={{DT_wizard_fem}} |default={{i18n:key_not_found}}}}",
        "jojaMartStruckByLightning": "{{i18n:Dialogues.CT.jojaMartStruckByLightning |DT_name={{DT_name}} |DT_wizard_name={{DT_wizard_name}} |DT_wizard_fem={{DT_wizard_fem}} |default={{i18n:key_not_found}}}}",
        "babyBoy": "{{i18n:Dialogues.CT.babyBoy |DT_name={{DT_name}} |DT_wizard_name={{DT_wizard_name}} |DT_wizard_fem={{DT_wizard_fem}} |default={{i18n:key_not_found}}}}",
        "babyGirl": "{{i18n:Dialogues.CT.babyGirl |DT_name={{DT_name}} |DT_wizard_name={{DT_wizard_name}} |DT_wizard_fem={{DT_wizard_fem}} |default={{i18n:key_not_found}}}}",
        "wedding": "{{i18n:Dialogues.CT.wedding |DT_name={{DT_name}} |DT_wizard_name={{DT_wizard_name}} |DT_wizard_fem={{DT_wizard_fem}} |default={{i18n:key_not_found}}}}",
        "event_postweddingreception": "{{i18n:Dialogues.CT.event_postweddingreception |DT_name={{DT_name}} |DT_wizard_name={{DT_wizard_name}} |DT_wizard_fem={{DT_wizard_fem}} |default={{i18n:key_not_found}}}}",
        "luauBest": "{{i18n:Dialogues.CT.luauBest |DT_name={{DT_name}} |DT_wizard_name={{DT_wizard_name}} |DT_wizard_fem={{DT_wizard_fem}} |default={{i18n:key_not_found}}}}",
        "luauShorts": "{{i18n:Dialogues.CT.luauShorts |DT_name={{DT_name}} |DT_wizard_name={{DT_wizard_name}} |DT_wizard_fem={{DT_wizard_fem}} |default={{i18n:key_not_found}}}}",
        "luauPoisoned": "{{i18n:Dialogues.CT.luauPoisoned |DT_name={{DT_name}} |DT_wizard_name={{DT_wizard_name}} |DT_wizard_fem={{DT_wizard_fem}} |default={{i18n:key_not_found}}}}",
        "Characters_MovieInvite_Invited": "{{i18n:Dialogues.CT.Characters_MovieInvite_Invited |DT_name={{DT_name}} |DT_wizard_name={{DT_wizard_name}} |DT_wizard_fem={{DT_wizard_fem}} |default={{i18n:key_not_found}}}}",
        "DumpsterDiveComment": "{{i18n:Dialogues.CT.DumpsterDiveComment |DT_name={{DT_name}} |DT_wizard_name={{DT_wizard_name}} |DT_wizard_fem={{DT_wizard_fem}} |default={{i18n:key_not_found}}}}",
        "SpouseStardrop": "{{i18n:Dialogues.CT.SpouseStardrop |DT_name={{DT_name}} |DT_wizard_name={{DT_wizard_name}} |DT_wizard_fem={{DT_wizard_fem}} |default={{i18n:key_not_found}}}}",
        "FlowerDance_Accept_Spouse": "{{i18n:Dialogues.CT.FlowerDance_Accept_Spouse |DT_name={{DT_name}} |DT_wizard_name={{DT_wizard_name}} |DT_wizard_fem={{DT_wizard_fem}} |default={{i18n:key_not_found}}}}",
        "FlowerDance_Accept": "{{i18n:Dialogues.CT.FlowerDance_Accept |DT_name={{DT_name}} |DT_wizard_name={{DT_wizard_name}} |DT_wizard_fem={{DT_wizard_fem}} |default={{i18n:key_not_found}}}}",
        "FlowerDance_Decline": "{{i18n:Dialogues.CT.FlowerDance_Decline |DT_name={{DT_name}} |DT_wizard_name={{DT_wizard_name}} |DT_wizard_fem={{DT_wizard_fem}} |default={{i18n:key_not_found}}}}",
        "GreenRain": "{{i18n:Dialogues.CT.GreenRain |DT_name={{DT_name}} |DT_wizard_name={{DT_wizard_name}} |DT_wizard_fem={{DT_wizard_fem}} |default={{i18n:key_not_found}}}}",
        "GreenRainFinished": "{{i18n:Dialogues.CT.GreenRainFinished |DT_name={{DT_name}} |DT_wizard_name={{DT_wizard_name}} |DT_wizard_fem={{DT_wizard_fem}} |default={{i18n:key_not_found}}}}",
        "GreenRain_2": "{{i18n:Dialogues.CT.GreenRain_2 |DT_name={{DT_name}} |DT_wizard_name={{DT_wizard_name}} |DT_wizard_fem={{DT_wizard_fem}} |default={{i18n:key_not_found}}}}",
        "AcceptGift_(O)StardropTea": "{{i18n:Dialogues.CT.AcceptGift_(O)StardropTea |DT_name={{DT_name}} |DT_wizard_name={{DT_wizard_name}} |DT_wizard_fem={{DT_wizard_fem}} |default={{i18n:key_not_found}}}}",

        // CT's selection
        // ARV
        "SterlingDrugs": "{{i18n:Dialogues.CT.SterlingDrugs |DT_name={{DT_name}} |DT_wizard_name={{DT_wizard_name}} |DT_wizard_fem={{DT_wizard_fem}} |default={{i18n:key_not_found}}}}",
        "SterlingRelapse": "{{i18n:Dialogues.CT.SterlingRelapse |DT_name={{DT_name}} |DT_wizard_name={{DT_wizard_name}} |DT_wizard_fem={{DT_wizard_fem}} |default={{i18n:key_not_found}}}}",
        "SterlingApology": "{{i18n:Dialogues.CT.SterlingApology |DT_name={{DT_name}} |DT_wizard_name={{DT_wizard_name}} |DT_wizard_fem={{DT_wizard_fem}} |default={{i18n:key_not_found}}}}",
        // Alecto
        "AlectoIntroduction": "{{i18n:Dialogues.CT.AlectoIntroduction |DT_name={{DT_name}} |DT_wizard_name={{DT_wizard_name}} |DT_wizard_fem={{DT_wizard_fem}} |default={{i18n:key_not_found}}}}",
        "AlectoWizardTower": "{{i18n:Dialogues.CT.AlectoWizardTower |DT_name={{DT_name}} |DT_wizard_name={{DT_wizard_name}} |DT_wizard_fem={{DT_wizard_fem}} |default={{i18n:key_not_found}}}}",
        // Juna
        "JunaSign": "{{i18n:Dialogues.CT.JunaSign |DT_name={{DT_name}} |DT_wizard_name={{DT_wizard_name}} |DT_wizard_fem={{DT_wizard_fem}} |default={{i18n:key_not_found}}}}",
        "JunaBeachBallet": "{{i18n:Dialogues.CT.JunaBeachBallet |DT_name={{DT_name}} |DT_wizard_name={{DT_wizard_name}} |DT_wizard_fem={{DT_wizard_fem}} |default={{i18n:key_not_found}}}}",
        "JunaJunimos": "{{i18n:Dialogues.CT.JunaJunimos |DT_name={{DT_name}} |DT_wizard_name={{DT_wizard_name}} |DT_wizard_fem={{DT_wizard_fem}} |default={{i18n:key_not_found}}}}",
        "JunaGone": "{{i18n:Dialogues.CT.JunaGone |DT_name={{DT_name}} |DT_wizard_name={{DT_wizard_name}} |DT_wizard_fem={{DT_wizard_fem}} |default={{i18n:key_not_found}}}}",
        "JunaWizard": "{{i18n:Dialogues.CT.JunaWizard |DT_name={{DT_name}} |DT_wizard_name={{DT_wizard_name}} |DT_wizard_fem={{DT_wizard_fem}} |default={{i18n:key_not_found}}}}",
        "JunaProtectiveWizard": "{{i18n:Dialogues.CT.JunaProtectiveWizard |DT_name={{DT_name}} |DT_wizard_name={{DT_wizard_name}} |DT_wizard_fem={{DT_wizard_fem}} |default={{i18n:key_not_found}}}}",
        /*
"JunaForestPicnic": "{{i18n:Dialogues.CT.JunaForestPicnic |DT_name={{DT_name}} |DT_wizard_name={{DT_wizard_name}} |DT_wizard_fem={{DT_wizard_fem}} |default={{i18n:key_not_found}}}}",
*/
        "BigFootWizard ": "{{i18n:Dialogues.CT.BigFootWizard  |DT_name={{DT_name}} |DT_wizard_name={{DT_wizard_name}} |DT_wizard_fem={{DT_wizard_fem}} |default={{i18n:key_not_found}}}}",
        // Lavril
        "LavrilUnlocked": "{{i18n:Dialogues.CT.LavrilUnlocked |DT_name={{DT_name}} |DT_wizard_name={{DT_wizard_name}} |DT_wizard_fem={{DT_wizard_fem}} |default={{i18n:key_not_found}}}}",
        // Lucikiel
        "LucikielArrives": "{{i18n:Dialogues.CT.LucikielArrives |DT_name={{DT_name}} |DT_wizard_name={{DT_wizard_name}} |DT_wizard_fem={{DT_wizard_fem}} |default={{i18n:key_not_found}}}}",
        "ReputationIncreased": "{{i18n:Dialogues.CT.ReputationIncreased |DT_name={{DT_name}} |DT_wizard_name={{DT_wizard_name}} |DT_wizard_fem={{DT_wizard_fem}} |default={{i18n:key_not_found}}}}",
        /*
			// Jasper
"JasperGone2": "{{i18n:Dialogues.CT.JasperGone2 |DT_name={{DT_name}} |DT_wizard_name={{DT_wizard_name}} |DT_wizard_fem={{DT_wizard_fem}} |default={{i18n:key_not_found}}}}",
"JasperHomeA": "{{i18n:Dialogues.CT.JasperHomeA |DT_name={{DT_name}} |DT_wizard_name={{DT_wizard_name}} |DT_wizard_fem={{DT_wizard_fem}} |default={{i18n:key_not_found}}}}",
*/
        // RSV
        "RSV_GH1": "{{i18n:Dialogues.CT.RSV_GH1 |DT_name={{DT_name}} |DT_wizard_name={{DT_wizard_name}} |DT_wizard_fem={{DT_wizard_fem}} |default={{i18n:key_not_found}}}}",
        "keahi_prank": "{{i18n:Dialogues.CT.keahi_prank |DT_name={{DT_name}} |DT_wizard_name={{DT_wizard_name}} |DT_wizard_fem={{DT_wizard_fem}} |default={{i18n:key_not_found}}}}",
        /*
"Lidens_Return": "{{i18n:Dialogues.CT.Lidens_Return |DT_name={{DT_name}} |DT_wizard_name={{DT_wizard_name}} |DT_wizard_fem={{DT_wizard_fem}} |default={{i18n:key_not_found}}}}",
"Naomi_Return": "{{i18n:Dialogues.CT.Naomi_Return |DT_name={{DT_name}} |DT_wizard_name={{DT_wizard_name}} |DT_wizard_fem={{DT_wizard_fem}} |default={{i18n:key_not_found}}}}",
*/
        // Leilani
        "LeilaniArrives": "{{i18n:Dialogues.CT.LeilaniArrives |DT_name={{DT_name}} |DT_wizard_name={{DT_wizard_name}} |DT_wizard_fem={{DT_wizard_fem}} |default={{i18n:key_not_found}}}}",
        // Prank the Jojamart
        "PTJ03": "{{i18n:Dialogues.CT.PTJ03 |DT_name={{DT_name}} |DT_wizard_name={{DT_wizard_name}} |DT_wizard_fem={{DT_wizard_fem}} |default={{i18n:key_not_found}}}}",
        /*
			// Pumpkin Spice
"pumpkin_spice_madness": "{{i18n:Dialogues.CT.pumpkin_spice_madness |DT_name={{DT_name}} |DT_wizard_name={{DT_wizard_name}} |DT_wizard_fem={{DT_wizard_fem}} |default={{i18n:key_not_found}}}}",
*/
        // Jorts and Jean
        "MeetTheCats": "{{i18n:Dialogues.CT.MeetTheCats |DT_name={{DT_name}} |DT_wizard_name={{DT_wizard_name}} |DT_wizard_fem={{DT_wizard_fem}} |default={{i18n:key_not_found}}}}",
        "ButteredJorts": "{{i18n:Dialogues.CT.ButteredJorts |DT_name={{DT_name}} |DT_wizard_name={{DT_wizard_name}} |DT_wizard_fem={{DT_wizard_fem}} |default={{i18n:key_not_found}}}}",
        "JortsZoomies": "{{i18n:Dialogues.CT.JortsZoomies |DT_name={{DT_name}} |DT_wizard_name={{DT_wizard_name}} |DT_wizard_fem={{DT_wizard_fem}} |default={{i18n:key_not_found}}}}",
        "OpenAllTheDoors": "{{i18n:Dialogues.CT.OpenAllTheDoors |DT_name={{DT_name}} |DT_wizard_name={{DT_wizard_name}} |DT_wizard_fem={{DT_wizard_fem}} |default={{i18n:key_not_found}}}}",
        // Rodney
        "BookLaunchParty": "{{i18n:Dialogues.CT.BookLaunchParty |DT_name={{DT_name}} |DT_wizard_name={{DT_wizard_name}} |DT_wizard_fem={{DT_wizard_fem}} |default={{i18n:key_not_found}}}}",
        // Toshinori
        "MarriedToToshinori": "{{i18n:Dialogues.CT.MarriedToToshinori |DT_name={{DT_name}} |DT_wizard_name={{DT_wizard_name}} |DT_wizard_fem={{DT_wizard_fem}} |default={{i18n:key_not_found}}}}",
        "ToshiPTSD": "{{i18n:Dialogues.CT.ToshiPTSD |DT_name={{DT_name}} |DT_wizard_name={{DT_wizard_name}} |DT_wizard_fem={{DT_wizard_fem}} |default={{i18n:key_not_found}}}}",
        "ToshinorisDeathScene": "{{i18n:Dialogues.CT.ToshinorisDeathScene |DT_name={{DT_name}} |DT_wizard_name={{DT_wizard_name}} |DT_wizard_fem={{DT_wizard_fem}} |default={{i18n:key_not_found}}}}",
        // Yri
        "YriIntroduction": "{{i18n:Dialogues.CT.YriIntroduction |DT_name={{DT_name}} |DT_wizard_name={{DT_wizard_name}} |DT_wizard_fem={{DT_wizard_fem}} |default={{i18n:key_not_found}}}}",
        "CharlesIntroduction": "{{i18n:Dialogues.CT.CharlesIntroduction |DT_name={{DT_name}} |DT_wizard_name={{DT_wizard_name}} |DT_wizard_fem={{DT_wizard_fem}} |default={{i18n:key_not_found}}}}",
        "LewisApology": "{{i18n:Dialogues.CT.LewisApology |DT_name={{DT_name}} |DT_wizard_name={{DT_wizard_name}} |DT_wizard_fem={{DT_wizard_fem}} |default={{i18n:key_not_found}}}}",
        "YriWalk": "{{i18n:Dialogues.CT.YriWalk |DT_name={{DT_name}} |DT_wizard_name={{DT_wizard_name}} |DT_wizard_fem={{DT_wizard_fem}} |default={{i18n:key_not_found}}}}",
        "AfterProposal": "{{i18n:Dialogues.CT.AfterProposal |DT_name={{DT_name}} |DT_wizard_name={{DT_wizard_name}} |DT_wizard_fem={{DT_wizard_fem}} |DT_wizard_name={{DT_wizard_name}} |DT_wizard_fem={{DT_wizard_fem}}}}"
      }
    },

    // Marriage + engagement dialogues //

    {
      "LogName": "Eleanor - engagement dialogues + marriage fix",
      "Action": "EditData",
      "Target": "Strings/StringsFromCSFiles",
      "Entries": {
        "StrojvedouciDenis.Eleanor_AfterWedding": "{{i18n:Dialogues.marriage.Eleanor_AfterWedding |DT_name={{DT_name}} |DT_wizard_name={{DT_wizard_name}} |DT_wizard_fem={{DT_wizard_fem}} |default={{i18n:key_not_found}}}}",
        "StrojvedouciDenis.Eleanor_Engaged": "{{i18n:Dialogues.marriage.Eleanor_Engaged |DT_name={{DT_name}} |DT_wizard_name={{DT_wizard_name}} |DT_wizard_fem={{DT_wizard_fem}} |default={{i18n:key_not_found}}}}",
        "StrojvedouciDenis.Eleanor_EngagedRoommate": "{{i18n:Dialogues.marriage.Eleanor_EngagedRoommate |DT_name={{DT_name}} |DT_wizard_name={{DT_wizard_name}} |DT_wizard_fem={{DT_wizard_fem}} |default={{i18n:key_not_found}}}}"
      },
      "When": {
        "Marriage": "true"
      }
    },

    {
      "LogName": "Eleanor - engagement dialogues",
      "Action": "EditData",
      "Target": "Data/EngagementDialogue",
      "Entries": {
        "StrojvedouciDenis.Eleanor0": "{{i18n:Dialogues.marriage.Eleanor0 |DT_name={{DT_name}} |DT_wizard_name={{DT_wizard_name}} |DT_wizard_fem={{DT_wizard_fem}} |default={{i18n:key_not_found}}}}",
        "StrojvedouciDenis.Eleanor1": "{{i18n:Dialogues.marriage.Eleanor1 |DT_name={{DT_name}} |DT_wizard_name={{DT_wizard_name}} |DT_wizard_fem={{DT_wizard_fem}} |default={{i18n:key_not_found}}}}"
      },
      "When": {
        "Marriage": "true"
      }
    },
    {
      "LogName": "Eleanor - marriage dialogues + fixes",
      "Action": "EditData",
      "Target": "Characters/Dialogue/MarriageDialogueEleanor",
      "Entries": {
        /*
        These 2 commented lines below will stay here as a memory of the Discord chat with many user (including one of the mod devs Pathoschild, who gave me the 1st line) from 7.1.2025
       "Rainy_Day_{{Random: {{Range:0,4}} |key=rainy_day}}": "{{i18n:Dialogues. rainy-day.{{Random: {{Range:0,4}} |key=rainy_day}}}}",
        "Rainy_Night": "{{i18n:Dialogues.{{ModId}}.Rainy_Day_{{Random:{{Range:0,5}}}} |DT_name={{DT_name}} |DT_wizard_name={{DT_wizard_name}} |DT_wizard_fem={{DT_wizard_fem}} |default={{i18n:key_not_found}}}}",
*/

        // Wedding edit
        "Utility.cs.5367": "{{i18n:Dialogues.marriage.Utility.cs.5367 |DT_name={{DT_name}} |DT_wizard_name={{DT_wizard_name}} |DT_wizard_fem={{DT_wizard_fem}} |default={{i18n:key_not_found}}}}",
        "Utility.cs.5369": "{{i18n:Dialogues.marriage.Utility.cs.5369 |DT_name={{DT_name}} |DT_wizard_name={{DT_wizard_name}} |DT_wizard_fem={{DT_wizard_fem}} |default={{i18n:key_not_found}}}}",
        "Utility.cs.5370": "{{i18n:Dialogues.marriage.Utility.cs.5370 |DT_name={{DT_name}} |DT_wizard_name={{DT_wizard_name}} |DT_wizard_fem={{DT_wizard_fem}} |default={{i18n:key_not_found}}}}",
        "Utility.cs.5371": "{{i18n:Dialogues.marriage.Utility.cs.5371 |DT_name={{DT_name}} |DT_wizard_name={{DT_wizard_name}} |DT_wizard_fem={{DT_wizard_fem}} |default={{i18n:key_not_found}}}}",
        "Utility.cs.5373": "{{i18n:Dialogues.marriage.Utility.cs.5373 |DT_name={{DT_name}} |DT_wizard_name={{DT_wizard_name}} |DT_wizard_fem={{DT_wizard_fem}} |default={{i18n:key_not_found}}}}",
        "Utility.cs.5375": "{{i18n:Dialogues.marriage.Utility.cs.5375 |DT_name={{DT_name}} |DT_wizard_name={{DT_wizard_name}} |DT_wizard_fem={{DT_wizard_fem}} |default={{i18n:key_not_found}}}}",
        "Utility.cs.5377": "{{i18n:Dialogues.marriage.Utility.cs.5377 |DT_name={{DT_name}} |DT_wizard_name={{DT_wizard_name}} |DT_wizard_fem={{DT_wizard_fem}} |default={{i18n:key_not_found}}}}",
        "Utility.cs.5379": "{{i18n:Dialogues.marriage.Utility.cs.5379 |DT_name={{DT_name}} |DT_wizard_name={{DT_wizard_name}} |DT_wizard_fem={{DT_wizard_fem}} |default={{i18n:key_not_found}}}}",
        "Utility.cs.5381": "{{i18n:Dialogues.marriage.Utility.cs.5381 |DT_name={{DT_name}} |DT_wizard_name={{DT_wizard_name}} |DT_wizard_fem={{DT_wizard_fem}} |default={{i18n:key_not_found}}}}",
        "Utility.cs.5383": "{{i18n:Dialogues.marriage.Utility.cs.5383 |DT_name={{DT_name}} |DT_wizard_name={{DT_wizard_name}} |DT_wizard_fem={{DT_wizard_fem}} |default={{i18n:key_not_found}}}}",

        // Marriage dialogues
        "Rainy_Day_0": "{{i18n:Dialogues.marriage.Rainy_day_{{Random: {{Range:0,2}}}} |DT_name={{DT_name}} |DT_wizard_name={{DT_wizard_name}} |DT_wizard_fem={{DT_wizard_fem}} |default={{i18n:key_not_found}}}}",
        "Rainy_Day_1": "{{i18n:Dialogues.marriage.Rainy_day_{{Random: {{Range:0,2}}}} |DT_name={{DT_name}} |DT_wizard_name={{DT_wizard_name}} |DT_wizard_fem={{DT_wizard_fem}} |default={{i18n:key_not_found}}}}",
        "Rainy_Day_2": "{{i18n:Dialogues.marriage.Rainy_day_{{Random: {{Range:0,2}}}} |DT_name={{DT_name}} |DT_wizard_name={{DT_wizard_name}} |DT_wizard_fem={{DT_wizard_fem}} |default={{i18n:key_not_found}}}}",
        "Rainy_Day_3": "{{i18n:Dialogues.marriage.Rainy_day_{{Random: {{Range:0,2}}}} |DT_name={{DT_name}} |DT_wizard_name={{DT_wizard_name}} |DT_wizard_fem={{DT_wizard_fem}} |default={{i18n:key_not_found}}}}",
        "Rainy_Day_4": "{{i18n:Dialogues.marriage.Rainy_day_{{Random: {{Range:0,2}}}} |DT_name={{DT_name}} |DT_wizard_name={{DT_wizard_name}} |DT_wizard_fem={{DT_wizard_fem}} |default={{i18n:key_not_found}}}}",
        "Rainy_Night_0": "{{i18n:Dialogues.marriage.Rainy_Night_{{Random: {{Range:0,2}}}} |DT_name={{DT_name}} |DT_wizard_name={{DT_wizard_name}} |DT_wizard_fem={{DT_wizard_fem}} |default={{i18n:key_not_found}}}}",
        "Rainy_Night_1": "{{i18n:Dialogues.marriage.Rainy_Night_{{Random: {{Range:0,2}}}} |DT_name={{DT_name}} |DT_wizard_name={{DT_wizard_name}} |DT_wizard_fem={{DT_wizard_fem}} |default={{i18n:key_not_found}}}}",
        "Rainy_Night_2": "{{i18n:Dialogues.marriage.Rainy_Night_{{Random: {{Range:0,2}}}} |DT_name={{DT_name}} |DT_wizard_name={{DT_wizard_name}} |DT_wizard_fem={{DT_wizard_fem}} |default={{i18n:key_not_found}}}}",
        "Rainy_Night_3": "{{i18n:Dialogues.marriage.Rainy_Night_{{Random: {{Range:0,2}}}} |DT_name={{DT_name}} |DT_wizard_name={{DT_wizard_name}} |DT_wizard_fem={{DT_wizard_fem}} |default={{i18n:key_not_found}}}}",
        "Rainy_Night_4": "{{i18n:Dialogues.marriage.Rainy_Night_{{Random: {{Range:0,2}}}} |DT_name={{DT_name}} |DT_wizard_name={{DT_wizard_name}} |DT_wizard_fem={{DT_wizard_fem}} |default={{i18n:key_not_found}}}}",
        "Rainy_Night_5": "{{i18n:Dialogues.marriage.Rainy_Night_{{Random: {{Range:0,2}}}} |DT_name={{DT_name}} |DT_wizard_name={{DT_wizard_name}} |DT_wizard_fem={{DT_wizard_fem}} |default={{i18n:key_not_found}}}}",
        "Indoor_Day_0": "{{i18n:Dialogues.marriage.Indoor_Day_{{Random: {{Range:0,2}}}} |DT_name={{DT_name}} |DT_wizard_name={{DT_wizard_name}} |DT_wizard_fem={{DT_wizard_fem}} |default={{i18n:key_not_found}}}}",
        "Indoor_Day_1": "{{i18n:Dialogues.marriage.Indoor_Day_{{Random: {{Range:0,2}}}} |DT_name={{DT_name}} |DT_wizard_name={{DT_wizard_name}} |DT_wizard_fem={{DT_wizard_fem}} |default={{i18n:key_not_found}}}}",
        "Indoor_Day_2": "{{i18n:Dialogues.marriage.Indoor_Day_{{Random: {{Range:0,2}}}} |DT_name={{DT_name}} |DT_wizard_name={{DT_wizard_name}} |DT_wizard_fem={{DT_wizard_fem}} |default={{i18n:key_not_found}}}}",
        "Indoor_Day_3": "{{i18n:Dialogues.marriage.Indoor_Day_{{Random: {{Range:0,2}}}} |DT_name={{DT_name}} |DT_wizard_name={{DT_wizard_name}} |DT_wizard_fem={{DT_wizard_fem}} |default={{i18n:key_not_found}}}}",
        "Indoor_Day_4": "{{i18n:Dialogues.marriage.Indoor_Day_{{Random: {{Range:0,2}}}} |DT_name={{DT_name}} |DT_wizard_name={{DT_wizard_name}} |DT_wizard_fem={{DT_wizard_fem}} |default={{i18n:key_not_found}}}}",
        "Indoor_Day_5": "{{i18n:Dialogues.marriage.Indoor_Day_{{Random: {{Range:0,2}}}} |DT_name={{DT_name}} |DT_wizard_name={{DT_wizard_name}} |DT_wizard_fem={{DT_wizard_fem}} |default={{i18n:key_not_found}}}}",
        "Indoor_Night_0": "{{i18n:Dialogues.marriage.Indoor_Night_{{Random: {{Range:0,2}}}} |DT_name={{DT_name}} |DT_wizard_name={{DT_wizard_name}} |DT_wizard_fem={{DT_wizard_fem}} |default={{i18n:key_not_found}}}}",
        "Indoor_Night_1": "{{i18n:Dialogues.marriage.Indoor_Night_{{Random: {{Range:0,2}}}} |DT_name={{DT_name}} |DT_wizard_name={{DT_wizard_name}} |DT_wizard_fem={{DT_wizard_fem}} |default={{i18n:key_not_found}}}}",
        "Indoor_Night_2": "{{i18n:Dialogues.marriage.Indoor_Night_{{Random: {{Range:0,2}}}} |DT_name={{DT_name}} |DT_wizard_name={{DT_wizard_name}} |DT_wizard_fem={{DT_wizard_fem}} |default={{i18n:key_not_found}}}}",
        "Indoor_Night_3": "{{i18n:Dialogues.marriage.Indoor_Night_{{Random: {{Range:0,2}}}} |DT_name={{DT_name}} |DT_wizard_name={{DT_wizard_name}} |DT_wizard_fem={{DT_wizard_fem}} |default={{i18n:key_not_found}}}}",
        "Indoor_Night_4": "{{i18n:Dialogues.marriage.Indoor_Night_{{Random: {{Range:0,2}}}} |DT_name={{DT_name}} |DT_wizard_name={{DT_wizard_name}} |DT_wizard_fem={{DT_wizard_fem}} |default={{i18n:key_not_found}}}}",
        "Indoor_Night_5": "{{i18n:Dialogues.marriage.Indoor_Night_{{Random: {{Range:0,2}}}} |DT_name={{DT_name}} |DT_wizard_name={{DT_wizard_name}} |DT_wizard_fem={{DT_wizard_fem}} |default={{i18n:key_not_found}}}}",
        "Outdoor_0": "{{i18n:Dialogues.marriage.Outdoor_{{Random: {{Range:0,2}}}} |DT_name={{DT_name}} |DT_wizard_name={{DT_wizard_name}} |DT_wizard_fem={{DT_wizard_fem}} |default={{i18n:key_not_found}}}}",
        "Outdoor_1": "{{i18n:Dialogues.marriage.Outdoor_{{Random: {{Range:0,2}}}} |DT_name={{DT_name}} |DT_wizard_name={{DT_wizard_name}} |DT_wizard_fem={{DT_wizard_fem}} |default={{i18n:key_not_found}}}}",
        "Outdoor_2": "{{i18n:Dialogues.marriage.Outdoor_{{Random: {{Range:0,2}}}} |DT_name={{DT_name}} |DT_wizard_name={{DT_wizard_name}} |DT_wizard_fem={{DT_wizard_fem}} |default={{i18n:key_not_found}}}}",
        "Outdoor_3": "{{i18n:Dialogues.marriage.Outdoor_{{Random: {{Range:0,2}}}} |DT_name={{DT_name}} |DT_wizard_name={{DT_wizard_name}} |DT_wizard_fem={{DT_wizard_fem}} |default={{i18n:key_not_found}}}}",
        "Outdoor_4": "{{i18n:Dialogues.marriage.Outdoor_{{Random: {{Range:0,2}}}} |DT_name={{DT_name}} |DT_wizard_name={{DT_wizard_name}} |DT_wizard_fem={{DT_wizard_fem}} |default={{i18n:key_not_found}}}}",
        "Outdoor_5": "{{i18n:Dialogues.marriage.Outdoor_{{Random: {{Range:0,2}}}} |DT_name={{DT_name}} |DT_wizard_name={{DT_wizard_name}} |DT_wizard_fem={{DT_wizard_fem}} |default={{i18n:key_not_found}}}}",
        "OneKid_0": "{{i18n:Dialogues.marriage.OneKid_0 |DT_name={{DT_name}} |DT_wizard_name={{DT_wizard_name}} |DT_wizard_fem={{DT_wizard_fem}} |default={{i18n:key_not_found}}}}",
        "OneKid_1": "{{i18n:Dialogues.marriage.OneKid_1 |DT_name={{DT_name}} |DT_wizard_name={{DT_wizard_name}} |DT_wizard_fem={{DT_wizard_fem}} |default={{i18n:key_not_found}}}}",
        "OneKid_2": "{{i18n:Dialogues.marriage.OneKid_2 |DT_name={{DT_name}} |DT_wizard_name={{DT_wizard_name}} |DT_wizard_fem={{DT_wizard_fem}} |default={{i18n:key_not_found}}}}",
        "OneKid_3": "{{i18n:Dialogues.marriage.OneKid_3 |DT_name={{DT_name}} |DT_wizard_name={{DT_wizard_name}} |DT_wizard_fem={{DT_wizard_fem}} |default={{i18n:key_not_found}}}}",
        "TwoKid_0": "{{i18n:Dialogues.marriage.TwoKid_0 |DT_name={{DT_name}} |DT_wizard_name={{DT_wizard_name}} |DT_wizard_fem={{DT_wizard_fem}} |default={{i18n:key_not_found}}}}",
        "TwoKid_1": "{{i18n:Dialogues.marriage.TwoKid_1 |DT_name={{DT_name}} |DT_wizard_name={{DT_wizard_name}} |DT_wizard_fem={{DT_wizard_fem}} |default={{i18n:key_not_found}}}}",
        "TwoKid_2": "{{i18n:Dialogues.marriage.TwoKid_2 |DT_name={{DT_name}} |DT_wizard_name={{DT_wizard_name}} |DT_wizard_fem={{DT_wizard_fem}} |default={{i18n:key_not_found}}}}",
        "TwoKid_3": "{{i18n:Dialogues.marriage.TwoKid_3 |DT_name={{DT_name}} |DT_wizard_name={{DT_wizard_name}} |DT_wizard_fem={{DT_wizard_fem}} |default={{i18n:key_not_found}}}}",
        "Good_0": "{{i18n:Dialogues.marriage.Good_{{Random: {{Range:0,3}}}} |DT_name={{DT_name}} |DT_wizard_name={{DT_wizard_name}} |DT_wizard_fem={{DT_wizard_fem}} |default={{i18n:key_not_found}}}}",
        "Good_1": "{{i18n:Dialogues.marriage.Good_{{Random: {{Range:0,3}}}} |DT_name={{DT_name}} |DT_wizard_name={{DT_wizard_name}} |DT_wizard_fem={{DT_wizard_fem}} |default={{i18n:key_not_found}}}}",
        "Good_2": "{{i18n:Dialogues.marriage.Good_{{Random: {{Range:0,3}}}} |DT_name={{DT_name}} |DT_wizard_name={{DT_wizard_name}} |DT_wizard_fem={{DT_wizard_fem}} |default={{i18n:key_not_found}}}}",
        "Good_3": "{{i18n:Dialogues.marriage.Good_{{Random: {{Range:0,3}}}} |DT_name={{DT_name}} |DT_wizard_name={{DT_wizard_name}} |DT_wizard_fem={{DT_wizard_fem}} |default={{i18n:key_not_found}}}}",
        "Good_4": "{{i18n:Dialogues.marriage.Good_{{Random: {{Range:0,3}}}} |DT_name={{DT_name}} |DT_wizard_name={{DT_wizard_name}} |DT_wizard_fem={{DT_wizard_fem}} |default={{i18n:key_not_found}}}}",
        "Good_5": "{{i18n:Dialogues.marriage.Good_{{Random: {{Range:0,3}}}} |DT_name={{DT_name}} |DT_wizard_name={{DT_wizard_name}} |DT_wizard_fem={{DT_wizard_fem}} |default={{i18n:key_not_found}}}}",
        "Good_6": "{{i18n:Dialogues.marriage.Good_{{Random: {{Range:0,3}}}} |DT_name={{DT_name}} |DT_wizard_name={{DT_wizard_name}} |DT_wizard_fem={{DT_wizard_fem}} |default={{i18n:key_not_found}}}}",
        "Good_7": "{{i18n:Dialogues.marriage.Good_{{Random: {{Range:0,3}}}} |DT_name={{DT_name}} |DT_wizard_name={{DT_wizard_name}} |DT_wizard_fem={{DT_wizard_fem}} |default={{i18n:key_not_found}}}}",
        "Good_8": "{{i18n:Dialogues.marriage.Good_{{Random: {{Range:0,3}}}} |DT_name={{DT_name}} |DT_wizard_name={{DT_wizard_name}} |DT_wizard_fem={{DT_wizard_fem}} |default={{i18n:key_not_found}}}}",
        "Good_9": "{{i18n:Dialogues.marriage.Good_{{Random: {{Range:0,3}}}} |DT_name={{DT_name}} |DT_wizard_name={{DT_wizard_name}} |DT_wizard_fem={{DT_wizard_fem}} |default={{i18n:key_not_found}}}}",
        "Neutral_0": "{{i18n:Dialogues.marriage.Neutral_{{Random: {{Range:0,3}}}} |DT_name={{DT_name}} |DT_wizard_name={{DT_wizard_name}} |DT_wizard_fem={{DT_wizard_fem}} |default={{i18n:key_not_found}}}}",
        "Neutral_1": "{{i18n:Dialogues.marriage.Neutral_{{Random: {{Range:0,3}}}} |DT_name={{DT_name}} |DT_wizard_name={{DT_wizard_name}} |DT_wizard_fem={{DT_wizard_fem}} |default={{i18n:key_not_found}}}}",
        "Neutral_2": "{{i18n:Dialogues.marriage.Neutral_{{Random: {{Range:0,3}}}} |DT_name={{DT_name}} |DT_wizard_name={{DT_wizard_name}} |DT_wizard_fem={{DT_wizard_fem}} |default={{i18n:key_not_found}}}}",
        "Neutral_3": "{{i18n:Dialogues.marriage.Neutral_{{Random: {{Range:0,3}}}} |DT_name={{DT_name}} |DT_wizard_name={{DT_wizard_name}} |DT_wizard_fem={{DT_wizard_fem}} |default={{i18n:key_not_found}}}}",
        "Neutral_4": "{{i18n:Dialogues.marriage.Neutral_{{Random: {{Range:0,3}}}} |DT_name={{DT_name}} |DT_wizard_name={{DT_wizard_name}} |DT_wizard_fem={{DT_wizard_fem}} |default={{i18n:key_not_found}}}}",
        "Neutral_5": "{{i18n:Dialogues.marriage.Neutral_{{Random: {{Range:0,3}}}} |DT_name={{DT_name}} |DT_wizard_name={{DT_wizard_name}} |DT_wizard_fem={{DT_wizard_fem}} |default={{i18n:key_not_found}}}}",
        "Neutral_6": "{{i18n:Dialogues.marriage.Neutral_{{Random: {{Range:0,3}}}} |DT_name={{DT_name}} |DT_wizard_name={{DT_wizard_name}} |DT_wizard_fem={{DT_wizard_fem}} |default={{i18n:key_not_found}}}}",
        "Neutral_7": "{{i18n:Dialogues.marriage.Neutral_{{Random: {{Range:0,3}}}} |DT_name={{DT_name}} |DT_wizard_name={{DT_wizard_name}} |DT_wizard_fem={{DT_wizard_fem}} |default={{i18n:key_not_found}}}}",
        "Neutral_8": "{{i18n:Dialogues.marriage.Neutral_{{Random: {{Range:0,3}}}} |DT_name={{DT_name}} |DT_wizard_name={{DT_wizard_name}} |DT_wizard_fem={{DT_wizard_fem}} |default={{i18n:key_not_found}}}}",
        "Neutral_9": "{{i18n:Dialogues.marriage.Neutral_{{Random: {{Range:0,3}}}} |DT_name={{DT_name}} |DT_wizard_name={{DT_wizard_name}} |DT_wizard_fem={{DT_wizard_fem}} |default={{i18n:key_not_found}}}}",
        "Bad_0": "{{i18n:Dialogues.marriage.Bad_{{Random: {{Range:0,3}}}} |DT_name={{DT_name}} |DT_wizard_name={{DT_wizard_name}} |DT_wizard_fem={{DT_wizard_fem}} |default={{i18n:key_not_found}}}}",
        "Bad_1": "{{i18n:Dialogues.marriage.Bad_{{Random: {{Range:0,3}}}} |DT_name={{DT_name}} |DT_wizard_name={{DT_wizard_name}} |DT_wizard_fem={{DT_wizard_fem}} |default={{i18n:key_not_found}}}}",
        "Bad_2": "{{i18n:Dialogues.marriage.Bad_{{Random: {{Range:0,3}}}} |DT_name={{DT_name}} |DT_wizard_name={{DT_wizard_name}} |DT_wizard_fem={{DT_wizard_fem}} |default={{i18n:key_not_found}}}}",
        "Bad_3": "{{i18n:Dialogues.marriage.Bad_{{Random: {{Range:0,3}}}} |DT_name={{DT_name}} |DT_wizard_name={{DT_wizard_name}} |DT_wizard_fem={{DT_wizard_fem}} |default={{i18n:key_not_found}}}}",
        "Bad_4": "{{i18n:Dialogues.marriage.Bad_{{Random: {{Range:0,3}}}} |DT_name={{DT_name}} |DT_wizard_name={{DT_wizard_name}} |DT_wizard_fem={{DT_wizard_fem}} |default={{i18n:key_not_found}}}}",
        "Bad_5": "{{i18n:Dialogues.marriage.Bad_{{Random: {{Range:0,3}}}} |DT_name={{DT_name}} |DT_wizard_name={{DT_wizard_name}} |DT_wizard_fem={{DT_wizard_fem}} |default={{i18n:key_not_found}}}}",
        "Bad_6": "{{i18n:Dialogues.marriage.Bad_{{Random: {{Range:0,3}}}} |DT_name={{DT_name}} |DT_wizard_name={{DT_wizard_name}} |DT_wizard_fem={{DT_wizard_fem}} |default={{i18n:key_not_found}}}}",
        "Bad_7": "{{i18n:Dialogues.marriage.Bad_{{Random: {{Range:0,3}}}} |DT_name={{DT_name}} |DT_wizard_name={{DT_wizard_name}} |DT_wizard_fem={{DT_wizard_fem}} |default={{i18n:key_not_found}}}}",
        "Bad_8": "{{i18n:Dialogues.marriage.Bad_{{Random: {{Range:0,3}}}} |DT_name={{DT_name}} |DT_wizard_name={{DT_wizard_name}} |DT_wizard_fem={{DT_wizard_fem}} |default={{i18n:key_not_found}}}}",
        "Bad_9": "{{i18n:Dialogues.marriage.Bad_{{Random: {{Range:0,3}}}} |DT_name={{DT_name}} |DT_wizard_name={{DT_wizard_name}} |DT_wizard_fem={{DT_wizard_fem}} |DT_wizard_name={{DT_wizard_name}} |DT_wizard_fem={{DT_wizard_fem}}}}"
      },
      "When": {
        "Marriage": "true"
      }
    },

    // Generic topics
/*
achievement_<id> 	Player earns the given achievement for the first time.
cropMatured_<object id> 	Player has harvested a fully-grown crop of the given type for the first time.
dating_<npc internal name> 	Player begins dating the given NPC for the first time (only set when the player gives the NPC a bouquet and it is accepted; other means of changing the relationship do not count).
divorced_<npc internal name> 	Player divorces the given NPC for the first time (only set when using the book in the Mayor's Manor; does not apply to roommates).
eventSeen_<id> 	Player sees the given event for the first time.
firstVisit_<location name> 	Player enters the given location for the first time.
fishCaught_<id> 	Player catches the given fish for the first time.
houseUpgrade_<level> 	Player upgrades their house to the given level (e.g. 2).
married_<npc internal name> 	Player marries the given NPC for the first time (only set by watching the wedding event with that NPC; other means of changing the relationship do not count).
mineArea_<area> 	Player enters the given mine area (an integer) for the first time. This is 0 for floors 1-10, 10 for floors 11-39, 40 for floors 40-79, 80 for floors 80-120, 121 for any Skull Cavern floors, and 77377 for the Quarry Mine. (FIXME: there may be other values for MineShafts with level == -1)
purchasedAnimal_<type> 	Player buys the given animal type for the first time.
questComplete_<id> 	Player completes the given quest for the first time.
roommates_<npc internal name> 	The given NPC moves in as the player's roommate for the first time.
structureBuilt_<type> 	Player builds the given type of farm building for the first time.
*/
/*
{
  "LogName": "Eleanor - dialogues - Generic topics",
  "Action": "EditData",
  "Target": "Characters/Dialogue/StrojvedouciDenis.Eleanor",
  "Entries": {
    "achievement_Perfection": "{{i18n:Dialogues.addons.achievement_Perfection |DT_name={{DT_name}} |DT_wizard_name={{DT_wizard_name}} |DT_wizard_fem={{DT_wizard_fem}} |default={{i18n:key_not_found}}}}",
  }
},
*/

    // Other mods
    {
      "LogName": "Eleanor - dialogues - Hogwarts",
      "Action": "EditData",
      "Target": "Characters/Dialogue/StrojvedouciDenis.Eleanor",
      "Entries": {
        "summer_3": "{{i18n:Dialogues.addons.summer_3 |DT_name={{DT_name}} |DT_wizard_name={{DT_wizard_name}} |DT_wizard_fem={{DT_wizard_fem}} |default={{i18n:key_not_found}}}}",
        "summer_4": "{{i18n:Dialogues.addons.summer_4 |DT_name={{DT_name}} |DT_wizard_name={{DT_wizard_name}} |DT_wizard_fem={{DT_wizard_fem}} |default={{i18n:key_not_found}}}}",
        "summer_5": "{{i18n:Dialogues.addons.summer_5 |DT_name={{DT_name}} |DT_wizard_name={{DT_wizard_name}} |DT_wizard_fem={{DT_wizard_fem}} |default={{i18n:key_not_found}}}}",
        "summer_6": "{{i18n:Dialogues.addons.summer_6 |DT_name={{DT_name}} |DT_wizard_name={{DT_wizard_name}} |DT_wizard_fem={{DT_wizard_fem}} |default={{i18n:key_not_found}}}}",
        "summer_7": "{{i18n:Dialogues.addons.summer_7 |DT_name={{DT_name}} |DT_wizard_name={{DT_wizard_name}} |DT_wizard_fem={{DT_wizard_fem}} |DT_wizard_name={{DT_wizard_name}} |DT_wizard_fem={{DT_wizard_fem}}}}"
      },
      "When": {
        "HasMod": "HogwartsET.CP.Hogwarts"
      }
    }
  ]
}
