{
  "Changes": [
    // triggering mails
    {
      "LogName": "Eleanor - mails - trigger",
      "Action": "EditData",
      "Target": "Data/TriggerActions",
      "Entries": {
        "{{ModId}}_mail_HogwartsTrips": {
          "Id": "{{ModId}}_mail_HogwartsTrips",
          "Trigger": "DayStarted",
          "Action": "AddMail Current {{ModId}}_mail_HogwartsTrips",  // if you want the mail to be sent immediately, add "Now" at the end
          "When": {
            "HasSeenEvent |contains=StrojvedouciDenis.Eleanor_Hog_gone_y1": true,
            "Day": 10,
            "Season": "Summer"
          }
        }
      }
    },
    
    // the mail itself
    {
      "LogName": "Eleanor - mails",
      "Action": "EditData",
      "Target": "Data/mail",
      "Entries": {
        "{{ModId}}_mail_HogwartsTrips": "{{i18n:Mail.HogwartsTrips |DT_name={{DT_name}} |DT_wizard_name={{DT_wizard_name}} |DT_wizard_fem={{DT_wizard_fem}} |default={{i18n:key_not_found}}}}"
      }
    }
  ]
}
