{
  "Changes": [
    {
      "LogName": "Eleanor - gifts",
      "Action": "EditData",
      "Target": "Data/NPCGiftTastes",
      "Entries": {
        "StrojvedouciDenis.Eleanor": "{{i18n:Gift.love |DT_dialogues={{DT_dialogues}}}}/-2 -80 -102 -103 595 866/{{i18n:Gift.like |DT_dialogues={{DT_dialogues}}}}/-7 -17 -18 -19 -25 -26 -27 -74 -75 -79 -81 16 18 20 22 769/{{i18n:Gift.dislike |DT_dialogues={{DT_dialogues}}}}/-4 -8 -9 -24 -28 92/{{i18n:Gift.hate |DT_dialogues={{DT_dialogues}}}}/-20 -21 -22 -23 -95 -96 -97 -98 -99 -100 -101 -999 78/{{i18n:Gift.neutral |DT_dialogues={{DT_dialogues}}}}/-14 -29 72 305 308"
      }
    },
    {
      "LogName": "Eleanor - unique gifts dialogues",
      "Action": "EditData",
      "Target": "Characters/Dialogue/StrojvedouciDenis.Eleanor",
      "Entries": {
        "RejectItem_(O)460": "{{i18n:Dialogues.RejectItem_(O)460 |DT_dialogues={{DT_dialogues}}}}",
        // -20 -21 -22 -23 -29 -95 -96 -97 -98 -99 -100 -101 -999 78
        /*
        "RejectItem_ category_junk": "{{i18n:Dialogues.RejectItem_category_junk |DT_dialogues={{DT_dialogues}}}}",
        "RejectItem_category_bait": "{{i18n:Dialogues.RejectItem_category_bait|DT_dialogues={{DT_dialogues}}}}",
        "RejectItem_category_tackle": "{{i18n:Dialogues.RejectItem_category_tackle |DT_dialogues={{DT_dialogues}}}}",
        "RejectItem_category_sell_at_fish_shop": "{{i18n:Dialogues.RejectItem_category_sell_at_fish_shop |DT_dialogues={{DT_dialogues}}}}",
        "RejectItem_category_hat": "{{i18n:Dialogues.RejectItem_category_hat |DT_dialogues={{DT_dialogues}}}}",
        "RejectItem_category_ring ": "{{i18n:Dialogues.RejectItem_category_ring  |DT_dialogues={{DT_dialogues}}}}",
        "RejectItem_category_boots": "{{i18n:Dialogues.RejectItem_category_boots |DT_dialogues={{DT_dialogues}}}}",
        "RejectItem_category_weapon": "{{i18n:Dialogues.RejectItem_category_weapon |DT_dialogues={{DT_dialogues}}}}",
        "RejectItem_category_tool": "{{i18n:Dialogues.RejectItem_category_tool |DT_dialogues={{DT_dialogues}}}}",
        "RejectItem_category_clothing": "{{i18n:Dialogues.RejectItem_category_clothing |DT_dialogues={{DT_dialogues}}}}",
        "RejectItem_category_trinket": "{{i18n:Dialogues.RejectItem_category_trinket |DT_dialogues={{DT_dialogues}}}}",
        "RejectItem_category_litter": "{{i18n:Dialogues.RejectItem_category_litter |DT_dialogues={{DT_dialogues}}}}",
        */
        "RejectItem_ category_junk": "{{i18n:Dialogues.RejectItem |DT_dialogues={{DT_dialogues}}}}",
        "RejectItem_category_bait": "{{i18n:Dialogues.RejectItem|DT_dialogues={{DT_dialogues}}}}",
        "RejectItem_category_tackle": "{{i18n:Dialogues.RejectItem |DT_dialogues={{DT_dialogues}}}}",
        "RejectItem_category_sell_at_fish_shop": "{{i18n:Dialogues.RejectItem |DT_dialogues={{DT_dialogues}}}}",
        "RejectItem_category_hat": "{{i18n:Dialogues.RejectItem |DT_dialogues={{DT_dialogues}}}}",
        "RejectItem_category_ring ": "{{i18n:Dialogues.RejectItem  |DT_dialogues={{DT_dialogues}}}}",
        "RejectItem_category_boots": "{{i18n:Dialogues.RejectItem |DT_dialogues={{DT_dialogues}}}}",
        "RejectItem_category_weapon": "{{i18n:Dialogues.RejectItem |DT_dialogues={{DT_dialogues}}}}",
        "RejectItem_category_tool": "{{i18n:Dialogues.RejectItem |DT_dialogues={{DT_dialogues}}}}",
        "RejectItem_category_clothing": "{{i18n:Dialogues.RejectItem |DT_dialogues={{DT_dialogues}}}}",
        "RejectItem_category_trinket": "{{i18n:Dialogues.RejectItem |DT_dialogues={{DT_dialogues}}}}",
        "RejectItem_category_litter": "{{i18n:Dialogues.RejectItem |DT_dialogues={{DT_dialogues}}}}",

        "AcceptBouquet": "{{i18n:Dialogues.AcceptBouquet |DT_dialogues={{DT_dialogues}}}}",
        "RejectBouquet": "{{i18n:Dialogues.RejectBouquet |DT_dialogues={{DT_dialogues}}}}",
        "RejectBouquet_Divorced": "{{i18n:Dialogues.RejectBouquet_Divorced |DT_dialogues={{DT_dialogues}}}}",
        "RejectBouquet_AlreadyAccepted": "{{i18n:Dialogues.RejectBouquet_AlreadyAccepted |DT_dialogues={{DT_dialogues}}}}",
        "RejectBouquet_NotDatable": "{{i18n:Dialogues.RejectBouquet_NotDatable |DT_dialogues={{DT_dialogues}}}}",
        "RejectBouquet_NpcAlreadyMarried": "{{i18n:Dialogues.RejectBouquet_NpcAlreadyMarried |DT_dialogues={{DT_dialogues}}}}",
        "RejectBouquet_VeryLowHearts": "{{i18n:Dialogues.RejectBouquet_VeryLowHearts |DT_dialogues={{DT_dialogues}}}}",
        "RejectBouquet_LowHearts": "{{i18n:Dialogues.RejectBouquet_LowHearts |DT_dialogues={{DT_dialogues}}}}",

        "AcceptBirthdayGift_Negative": "{{i18n:Dialogues.AcceptBirthdayGift_Negative |DT_dialogues={{DT_dialogues}}}}",
        "AcceptBirthdayGift_Positive": "{{i18n:Dialogues.AcceptBirthdayGift_Positive |DT_dialogues={{DT_dialogues}}}}",
        "RejectGift_Divorced": "{{i18n:Dialogues.RejectGift_Divorced |DT_dialogues={{DT_dialogues}}}}"
      }
    }
  ]
}
