{
  // schedule dialogues

  "Changes": [
    {
      "LogName": "Eleanor - dialogues - weekday",
      "Action": "EditData",
      "Target": "Characters/Dialogue/StrojvedouciDenis.Eleanor",
      "Entries": {
        // GENERIC DIALOGUE

        "{{DT_weekday}}": "{{i18n:Dialogues.0hearts.random.{{Random:{{Range:0,6}}}}|DT_name={{DT_name}} |DT_wizard_name={{DT_wizard_name}} |DT_wizard_fem={{DT_wizard_fem}}}}",

        "{{DT_weekday}}2": "{{i18n:Dialogues.{{DT_weekday}}2 |DT_name={{DT_name}} |DT_wizard_name={{DT_wizard_name}} |DT_wizard_fem={{DT_wizard_fem}}}}",

        "{{DT_weekday}}4": "{{i18n:Dialogues.{{DT_weekday}}4 |DT_name={{DT_name}} |DT_wizard_name={{DT_wizard_name}} |DT_wizard_fem={{DT_wizard_fem}}}}",

        "{{DT_weekday}}6": "{{i18n:Dialogues.{{DT_weekday}}6 |DT_name={{DT_name}} |DT_wizard_name={{DT_wizard_name}} |DT_wizard_fem={{DT_wizard_fem}}}}",

        "{{DT_weekday}}8": "{{i18n:Dialogues.{{DT_weekday}}8 |DT_name={{DT_name}} |DT_wizard_name={{DT_wizard_name}} |DT_wizard_fem={{DT_wizard_fem}}}}",

        "{{DT_weekday}}10": "{{i18n:Dialogues.{{DT_weekday}}10 |DT_name={{DT_name}} |DT_wizard_name={{DT_wizard_name}} |DT_wizard_fem={{DT_wizard_fem}}}}",

        // SPECIFIC DAY DIALOGUE
        // Note: Works only in the first year. Use format season_dayOfMonth_2 for year 2 and later (e.g., "summer_10_2"). To target specific years, use CP conditions with the "_2" suffix.

        "{{Lowercase:{{Season}}_{{Day}}}}": "{{i18n:Dialogues.{{Season}}.{{Random:{{Range:0,3}}}} |DT_name={{DT_name}} |DT_wizard_name={{DT_wizard_name}} |DT_wizard_fem={{DT_wizard_fem}}}}", // using season_day as a game key but season.1-10 as dialogue key
        "{{Lowercase:{{Season}}_{{Day}}}}_2": "{{i18n:Dialogues.{{Season}}.{{Random:{{Range:0,3}}}} |DT_name={{DT_name}} |DT_wizard_name={{DT_wizard_name}} |DT_wizard_fem={{DT_wizard_fem}}}}", // using season_day as a game key but season.1-10 as dialogue key

        "spring_12": "{{i18n:Dialogues.spring_12 |DT_name={{DT_name}} |DT_wizard_name={{DT_wizard_name}} |DT_wizard_fem={{DT_wizard_fem}}}}",
        "spring_23": "{{i18n:Dialogues.spring_23 |DT_name={{DT_name}} |DT_wizard_name={{DT_wizard_name}} |DT_wizard_fem={{DT_wizard_fem}}}}",

        "spring_1_2": "{{i18n:Dialogues.spring_1_2 |DT_name={{DT_name}} |DT_wizard_name={{DT_wizard_name}} |DT_wizard_fem={{DT_wizard_fem}}}}",
        "spring_12_2": "{{i18n:Dialogues.spring_12_2 |DT_name={{DT_name}} |DT_wizard_name={{DT_wizard_name}} |DT_wizard_fem={{DT_wizard_fem}}}}",
        "spring_23_2": "{{i18n:Dialogues.spring_23_2 |DT_name={{DT_name}} |DT_wizard_name={{DT_wizard_name}} |DT_wizard_fem={{DT_wizard_fem}}}}",

        "summer_1": "{{i18n:Dialogues.summer_1 |DT_name={{DT_name}} |DT_wizard_name={{DT_wizard_name}} |DT_wizard_fem={{DT_wizard_fem}}}}",
        "summer_10": "{{i18n:Dialogues.summer_10 |DT_name={{DT_name}} |DT_wizard_name={{DT_wizard_name}} |DT_wizard_fem={{DT_wizard_fem}}}}",
        "summer_27": "{{i18n:Dialogues.summer_27 |DT_name={{DT_name}} |DT_wizard_name={{DT_wizard_name}} |DT_wizard_fem={{DT_wizard_fem}}}}",

        "summer_1_2": "{{i18n:Dialogues.summer_1_2 |DT_name={{DT_name}} |DT_wizard_name={{DT_wizard_name}} |DT_wizard_fem={{DT_wizard_fem}}}}",
        "summer_10_2": "{{i18n:Dialogues.summer_10_2 |DT_name={{DT_name}} |DT_wizard_name={{DT_wizard_name}} |DT_wizard_fem={{DT_wizard_fem}}}}",
        "summer_27_2": "{{i18n:Dialogues.summer_27_2 |DT_name={{DT_name}} |DT_wizard_name={{DT_wizard_name}} |DT_wizard_fem={{DT_wizard_fem}}}}",

        "fall_1_1": "{{i18n:Dialogues.fall_1_1 |DT_name={{DT_name}} |DT_wizard_name={{DT_wizard_name}} |DT_wizard_fem={{DT_wizard_fem}}}}",
        "fall_15": "{{i18n:Dialogues.fall_15 |DT_name={{DT_name}} |DT_wizard_name={{DT_wizard_name}} |DT_wizard_fem={{DT_wizard_fem}}}}",
        "fall_17": "{{i18n:Dialogues.fall_17 |DT_name={{DT_name}} |DT_wizard_name={{DT_wizard_name}} |DT_wizard_fem={{DT_wizard_fem}}}}",
        "fall_18": "{{i18n:Dialogues.fall_18 |DT_name={{DT_name}} |DT_wizard_name={{DT_wizard_name}} |DT_wizard_fem={{DT_wizard_fem}}}}",
        "fall_26": "{{i18n:Dialogues.fall_26 |DT_name={{DT_name}} |DT_wizard_name={{DT_wizard_name}} |DT_wizard_fem={{DT_wizard_fem}}}}",

        "fall_1_2": "{{i18n:Dialogues.fall_1_2 |DT_name={{DT_name}} |DT_wizard_name={{DT_wizard_name}} |DT_wizard_fem={{DT_wizard_fem}}}}",
        "fall_15_2": "{{i18n:Dialogues.fall_15_2 |DT_name={{DT_name}} |DT_wizard_name={{DT_wizard_name}} |DT_wizard_fem={{DT_wizard_fem}}}}",
        "fall_17_2": "{{i18n:Dialogues.fall_17_2 |DT_name={{DT_name}} |DT_wizard_name={{DT_wizard_name}} |DT_wizard_fem={{DT_wizard_fem}}}}",
        "fall_18_2": "{{i18n:Dialogues.fall_18_2 |DT_name={{DT_name}} |DT_wizard_name={{DT_wizard_name}} |DT_wizard_fem={{DT_wizard_fem}}}}",
        "fall_26_2": "{{i18n:Dialogues.fall_26_2 |DT_name={{DT_name}} |DT_wizard_name={{DT_wizard_name}} |DT_wizard_fem={{DT_wizard_fem}}}}",

        "winter_1": "{{i18n:Dialogues.winter_1 |DT_name={{DT_name}} |DT_wizard_name={{DT_wizard_name}} |DT_wizard_fem={{DT_wizard_fem}}}}",
        "winter_7": "{{i18n:Dialogues.winter_7 |DT_name={{DT_name}} |DT_wizard_name={{DT_wizard_name}} |DT_wizard_fem={{DT_wizard_fem}}}}",
        "winter_23": "{{i18n:Dialogues.winter_23 |DT_name={{DT_name}} |DT_wizard_name={{DT_wizard_name}} |DT_wizard_fem={{DT_wizard_fem}}}}",
        "winter_24": "{{i18n:Dialogues.winter_24 |DT_name={{DT_name}} |DT_wizard_name={{DT_wizard_name}} |DT_wizard_fem={{DT_wizard_fem}}}}",
        "winter_28": "{{i18n:Dialogues.winter_28 |DT_name={{DT_name}} |DT_wizard_name={{DT_wizard_name}} |DT_wizard_fem={{DT_wizard_fem}}}}",

        "winter_1_2": "{{i18n:Dialogues.winter_1_2 |DT_name={{DT_name}} |DT_wizard_name={{DT_wizard_name}} |DT_wizard_fem={{DT_wizard_fem}}}}",
        "winter_7_2": "{{i18n:Dialogues.winter_7_2 |DT_name={{DT_name}} |DT_wizard_name={{DT_wizard_name}} |DT_wizard_fem={{DT_wizard_fem}}}}",
        "winter_23_2": "{{i18n:Dialogues.winter_23_2 |DT_name={{DT_name}} |DT_wizard_name={{DT_wizard_name}} |DT_wizard_fem={{DT_wizard_fem}}}}",
        "winter_24_2": "{{i18n:Dialogues.winter_24_2 |DT_name={{DT_name}} |DT_wizard_name={{DT_wizard_name}} |DT_wizard_fem={{DT_wizard_fem}}}}",
        "winter_28_2": "{{i18n:Dialogues.winter_28_2 |DT_name={{DT_name}} |DT_wizard_name={{DT_wizard_name}} |DT_wizard_fem={{DT_wizard_fem}}}}",

        // Special dialogues
        "FlowerDance_Decline": "{{i18n:Dialogues.FlowerDance_Decline |DT_name={{DT_name}} |DT_wizard_name={{DT_wizard_name}} |DT_wizard_fem={{DT_wizard_fem}}}}",
        "HitBySlingshot": "{{i18n:Dialogues.HitBySlingshot |DT_name={{DT_name}} |DT_wizard_name={{DT_wizard_name}} |DT_wizard_fem={{DT_wizard_fem}}}}",
        "Resort": "{{i18n:Dialogues.Resort |DT_name={{DT_name}} |DT_wizard_name={{DT_wizard_name}} |DT_wizard_fem={{DT_wizard_fem}}}}",
        "SpouseFarmhouseClutter": "{{i18n:Dialogues.SpouseFarmhouseClutter |DT_name={{DT_name}} |DT_wizard_name={{DT_wizard_name}} |DT_wizard_fem={{DT_wizard_fem}}}}",
        "SpouseGiftJealous": "{{i18n:Dialogues.SpouseGiftJealous |DT_name={{DT_name}} |DT_wizard_name={{DT_wizard_name}} |DT_wizard_fem={{DT_wizard_fem}}}}",
        "Spouse_MonstersInHouse": "{{i18n:Dialogues.Spouse_MonstersInHouse |DT_name={{DT_name}} |DT_wizard_name={{DT_wizard_name}} |DT_wizard_fem={{DT_wizard_fem}}}}",
        "WipedMemory": "{{i18n:Dialogues.WipedMemory |DT_name={{DT_name}} |DT_wizard_name={{DT_wizard_name}} |DT_wizard_fem={{DT_wizard_fem}} |DT_wizard_name={{DT_wizard_name}} |DT_wizard_fem={{DT_wizard_fem}}}}"
      }
    },
    // Dialogues for other mods = CT's //

    // Own CT's
    {
      "LogName": "Eleanor - CT's - Abigail",
      "Action": "EditData",
      "Target": "Characters/Dialogue/Abigail",
      "Entries": {
        "StrojvedouciDenis.Eleanor.CT_Intro": "{{i18n:Dialogues.CT_Intro_Abigail |DT_name={{DT_name}} |DT_wizard_name={{DT_wizard_name}} |DT_wizard_fem={{DT_wizard_fem}} |DT_wizard_name={{DT_wizard_name}} |DT_wizard_fem={{DT_wizard_fem}}}}"
      }
    },
    {
      "LogName": "Eleanor - CT's - Leah",
      "Action": "EditData",
      "Target": "Characters/Dialogue/Leah",
      "Entries": {
        "StrojvedouciDenis.Eleanor.CT_Intro": "{{i18n:Dialogues.CT_Intro_Leah |DT_name={{DT_name}} |DT_wizard_name={{DT_wizard_name}} |DT_wizard_fem={{DT_wizard_fem}} |DT_wizard_name={{DT_wizard_name}} |DT_wizard_fem={{DT_wizard_fem}}}}"
      }
    },
    {
      "LogName": "Eleanor - CT's - Linus",
      "Action": "EditData",
      "Target": "Characters/Dialogue/Linus",
      "Entries": {
        "StrojvedouciDenis.Eleanor.CT_Intro": "{{i18n:Dialogues.CT_Intro_Linus |DT_name={{DT_name}} |DT_wizard_name={{DT_wizard_name}} |DT_wizard_fem={{DT_wizard_fem}} |DT_wizard_name={{DT_wizard_name}} |DT_wizard_fem={{DT_wizard_fem}}}}"
      }
    },
    {
      "LogName": "Eleanor - CT's - Pierre",
      "Action": "EditData",
      "Target": "Characters/Dialogue/Pierre",
      "Entries": {
        "StrojvedouciDenis.Eleanor.CT_Intro": "{{i18n:Dialogues.CT_Intro_Pierre |DT_name={{DT_name}} |DT_wizard_name={{DT_wizard_name}} |DT_wizard_fem={{DT_wizard_fem}} |DT_wizard_name={{DT_wizard_name}} |DT_wizard_fem={{DT_wizard_fem}}}}"
      }
    },
    {
      "LogName": "Eleanor - CT's - Wizard",
      "Action": "EditData",
      "Target": "Characters/Dialogue/Wizard",
      "Entries": {
        "StrojvedouciDenis.Eleanor.CT_Intro": "{{i18n:Dialogues.CT_Intro_Wizard |DT_name={{DT_name}} |DT_wizard_name={{DT_wizard_name}} |DT_wizard_fem={{DT_wizard_fem}} |DT_wizard_name={{DT_wizard_name}} |DT_wizard_fem={{DT_wizard_fem}}}}"
      }
    },

    {
      "LogName": "Eleanor - formal dialogues - CT's selection",
      "Action": "EditData",
      "Target": "Characters/Dialogue/StrojvedouciDenis.Eleanor",
      "Entries": {
        //Conversation Topics
        //Vanilla & Vanilla+ (More Conversation Topics mod + 1.6 strings)
        "Introduction": "{{i18n:Dialogues.CT.Introduction |DT_name={{DT_name}} |DT_wizard_name={{DT_wizard_name}} |DT_wizard_fem={{DT_wizard_fem}}}}",
        "danceRejection": "{{i18n:Dialogues.CT.danceRejection |DT_name={{DT_name}} |DT_wizard_name={{DT_wizard_name}} |DT_wizard_fem={{DT_wizard_fem}}}}",
        "divorced": "{{i18n:Dialogues.CT.divorced |DT_name={{DT_name}} |DT_wizard_name={{DT_wizard_name}} |DT_wizard_fem={{DT_wizard_fem}}}}",
        "breakUp": "{{i18n:Dialogues.CT.breakUp |DT_name={{DT_name}} |DT_wizard_name={{DT_wizard_name}} |DT_wizard_fem={{DT_wizard_fem}}}}",

        "joja_Begin": "{{i18n:Dialogues.CT.joja_Begin |DT_name={{DT_name}} |DT_wizard_name={{DT_wizard_name}} |DT_wizard_fem={{DT_wizard_fem}}}}",
        "cc_Begin": "{{i18n:Dialogues.CT.cc_Begin |DT_name={{DT_name}} |DT_wizard_name={{DT_wizard_name}} |DT_wizard_fem={{DT_wizard_fem}}}}",
        "cc_Boulder": "{{i18n:Dialogues.CT.cc_Boulder |DT_name={{DT_name}} |DT_wizard_name={{DT_wizard_name}} |DT_wizard_fem={{DT_wizard_fem}}}}",
        "cc_Bridge": "{{i18n:Dialogues.CT.cc_Bridge |DT_name={{DT_name}} |DT_wizard_name={{DT_wizard_name}} |DT_wizard_fem={{DT_wizard_fem}}}}",
        "cc_Bus": "{{i18n:Dialogues.CT.cc_Bus |DT_name={{DT_name}} |DT_wizard_name={{DT_wizard_name}} |DT_wizard_fem={{DT_wizard_fem}}}}",
        "cc_Greenhouse": "{{i18n:Dialogues.CT.cc_Greenhouse |DT_name={{DT_name}} |DT_wizard_name={{DT_wizard_name}} |DT_wizard_fem={{DT_wizard_fem}}}}",
        "cc_Minecart": "{{i18n:Dialogues.CT.cc_Minecart |DT_name={{DT_name}} |DT_wizard_name={{DT_wizard_name}} |DT_wizard_fem={{DT_wizard_fem}}}}",
        "cc_Complete": "{{i18n:Dialogues.CT.cc_Complete |DT_name={{DT_name}} |DT_wizard_name={{DT_wizard_name}} |DT_wizard_fem={{DT_wizard_fem}}}}",
        "movieTheater": "{{i18n:Dialogues.CT.movieTheater |DT_name={{DT_name}} |DT_wizard_name={{DT_wizard_name}} |DT_wizard_fem={{DT_wizard_fem}}}}",
        "willyCrabs": "{{i18n:Dialogues.CT.willyCrabs |DT_name={{DT_name}} |DT_wizard_name={{DT_wizard_name}} |DT_wizard_fem={{DT_wizard_fem}}}}",
        "pamHouseUpgrade": "{{i18n:Dialogues.CT.pamHouseUpgrade |DT_name={{DT_name}} |DT_wizard_name={{DT_wizard_name}} |DT_wizard_fem={{DT_wizard_fem}}}}",
        "pamHouseUpgradeAnonymous": "{{i18n:Dialogues.CT.pamHouseUpgradeAnonymous |DT_name={{DT_name}} |DT_wizard_name={{DT_wizard_name}} |DT_wizard_fem={{DT_wizard_fem}}}}",
        "railroadEarthquake": "{{i18n:Dialogues.CT.railroadEarthquake |DT_name={{DT_name}} |DT_wizard_name={{DT_wizard_name}} |DT_wizard_fem={{DT_wizard_fem}}}}",
        "islandResortUnlocked": "{{i18n:Dialogues.CT.islandResortUnlocked |DT_name={{DT_name}} |DT_wizard_name={{DT_wizard_name}} |DT_wizard_fem={{DT_wizard_fem}}}}",
        "jojaMartStruckByLightning": "{{i18n:Dialogues.CT.jojaMartStruckByLightning |DT_name={{DT_name}} |DT_wizard_name={{DT_wizard_name}} |DT_wizard_fem={{DT_wizard_fem}}}}",
        "babyBoy": "{{i18n:Dialogues.CT.babyBoy |DT_name={{DT_name}} |DT_wizard_name={{DT_wizard_name}} |DT_wizard_fem={{DT_wizard_fem}}}}",
        "babyGirl": "{{i18n:Dialogues.CT.babyGirl |DT_name={{DT_name}} |DT_wizard_name={{DT_wizard_name}} |DT_wizard_fem={{DT_wizard_fem}}}}",
        "wedding": "{{i18n:Dialogues.CT.wedding |DT_name={{DT_name}} |DT_wizard_name={{DT_wizard_name}} |DT_wizard_fem={{DT_wizard_fem}}}}",
        "event_postweddingreception": "{{i18n:Dialogues.CT.event_postweddingreception |DT_name={{DT_name}} |DT_wizard_name={{DT_wizard_name}} |DT_wizard_fem={{DT_wizard_fem}}}}",
        "luauBest": "{{i18n:Dialogues.CT.luauBest |DT_name={{DT_name}} |DT_wizard_name={{DT_wizard_name}} |DT_wizard_fem={{DT_wizard_fem}}}}",
        "luauShorts": "{{i18n:Dialogues.CT.luauShorts |DT_name={{DT_name}} |DT_wizard_name={{DT_wizard_name}} |DT_wizard_fem={{DT_wizard_fem}}}}",
        "luauPoisoned": "{{i18n:Dialogues.CT.luauPoisoned |DT_name={{DT_name}} |DT_wizard_name={{DT_wizard_name}} |DT_wizard_fem={{DT_wizard_fem}}}}",
        "Characters_MovieInvite_Invited": "{{i18n:Dialogues.CT.Characters_MovieInvite_Invited |DT_name={{DT_name}} |DT_wizard_name={{DT_wizard_name}} |DT_wizard_fem={{DT_wizard_fem}}}}",
        "DumpsterDiveComment": "{{i18n:Dialogues.CT.DumpsterDiveComment |DT_name={{DT_name}} |DT_wizard_name={{DT_wizard_name}} |DT_wizard_fem={{DT_wizard_fem}}}}",
        "SpouseStardrop": "{{i18n:Dialogues.CT.SpouseStardrop |DT_name={{DT_name}} |DT_wizard_name={{DT_wizard_name}} |DT_wizard_fem={{DT_wizard_fem}}}}",
        "FlowerDance_Accept_Spouse": "{{i18n:Dialogues.CT.FlowerDance_Accept_Spouse |DT_name={{DT_name}} |DT_wizard_name={{DT_wizard_name}} |DT_wizard_fem={{DT_wizard_fem}}}}",
        "FlowerDance_Accept": "{{i18n:Dialogues.CT.FlowerDance_Accept |DT_name={{DT_name}} |DT_wizard_name={{DT_wizard_name}} |DT_wizard_fem={{DT_wizard_fem}}}}",
        "FlowerDance_Decline": "{{i18n:Dialogues.CT.FlowerDance_Decline |DT_name={{DT_name}} |DT_wizard_name={{DT_wizard_name}} |DT_wizard_fem={{DT_wizard_fem}}}}",
        "GreenRain": "{{i18n:Dialogues.CT.GreenRain |DT_name={{DT_name}} |DT_wizard_name={{DT_wizard_name}} |DT_wizard_fem={{DT_wizard_fem}}}}",
        "GreenRainFinished": "{{i18n:Dialogues.CT.GreenRainFinished |DT_name={{DT_name}} |DT_wizard_name={{DT_wizard_name}} |DT_wizard_fem={{DT_wizard_fem}}}}",
        "GreenRain_2": "{{i18n:Dialogues.CT.GreenRain_2 |DT_name={{DT_name}} |DT_wizard_name={{DT_wizard_name}} |DT_wizard_fem={{DT_wizard_fem}}}}",
        "AcceptGift_(O)StardropTea": "{{i18n:Dialogues.CT.AcceptGift_(O)StardropTea |DT_name={{DT_name}} |DT_wizard_name={{DT_wizard_name}} |DT_wizard_fem={{DT_wizard_fem}}}}",

        // CT's selection
        // ARV
        "SterlingDrugs": "{{i18n:Dialogues.CT.SterlingDrugs |DT_name={{DT_name}} |DT_wizard_name={{DT_wizard_name}} |DT_wizard_fem={{DT_wizard_fem}}}}",
        "SterlingRelapse": "{{i18n:Dialogues.CT.SterlingRelapse |DT_name={{DT_name}} |DT_wizard_name={{DT_wizard_name}} |DT_wizard_fem={{DT_wizard_fem}}}}",
        "SterlingApology": "{{i18n:Dialogues.CT.SterlingApology |DT_name={{DT_name}} |DT_wizard_name={{DT_wizard_name}} |DT_wizard_fem={{DT_wizard_fem}}}}",
        // Alecto
        "AlectoIntroduction": "{{i18n:Dialogues.CT.AlectoIntroduction |DT_name={{DT_name}} |DT_wizard_name={{DT_wizard_name}} |DT_wizard_fem={{DT_wizard_fem}}}}",
        "AlectoWizardTower": "{{i18n:Dialogues.CT.AlectoWizardTower |DT_name={{DT_name}} |DT_wizard_name={{DT_wizard_name}} |DT_wizard_fem={{DT_wizard_fem}}}}",
        // Juna
        "JunaSign": "{{i18n:Dialogues.CT.JunaSign |DT_name={{DT_name}} |DT_wizard_name={{DT_wizard_name}} |DT_wizard_fem={{DT_wizard_fem}}}}",
        "JunaBeachBallet": "{{i18n:Dialogues.CT.JunaBeachBallet |DT_name={{DT_name}} |DT_wizard_name={{DT_wizard_name}} |DT_wizard_fem={{DT_wizard_fem}}}}",
        "JunaJunimos": "{{i18n:Dialogues.CT.JunaJunimos |DT_name={{DT_name}} |DT_wizard_name={{DT_wizard_name}} |DT_wizard_fem={{DT_wizard_fem}}}}",
        "JunaGone": "{{i18n:Dialogues.CT.JunaGone |DT_name={{DT_name}} |DT_wizard_name={{DT_wizard_name}} |DT_wizard_fem={{DT_wizard_fem}}}}",
        "JunaWizard": "{{i18n:Dialogues.CT.JunaWizard |DT_name={{DT_name}} |DT_wizard_name={{DT_wizard_name}} |DT_wizard_fem={{DT_wizard_fem}}}}",
        "JunaProtectiveWizard": "{{i18n:Dialogues.CT.JunaProtectiveWizard |DT_name={{DT_name}} |DT_wizard_name={{DT_wizard_name}} |DT_wizard_fem={{DT_wizard_fem}}}}",
        /*
"JunaForestPicnic": "{{i18n:Dialogues.CT.JunaForestPicnic |DT_name={{DT_name}} |DT_wizard_name={{DT_wizard_name}} |DT_wizard_fem={{DT_wizard_fem}}}}",
*/
        "BigFootWizard ": "{{i18n:Dialogues.CT.BigFootWizard  |DT_name={{DT_name}} |DT_wizard_name={{DT_wizard_name}} |DT_wizard_fem={{DT_wizard_fem}}}}",
        // Lavril
        "LavrilUnlocked": "{{i18n:Dialogues.CT.LavrilUnlocked |DT_name={{DT_name}} |DT_wizard_name={{DT_wizard_name}} |DT_wizard_fem={{DT_wizard_fem}}}}",
        // Lucikiel
        "LucikielArrives": "{{i18n:Dialogues.CT.LucikielArrives |DT_name={{DT_name}} |DT_wizard_name={{DT_wizard_name}} |DT_wizard_fem={{DT_wizard_fem}}}}",
        "ReputationIncreased": "{{i18n:Dialogues.CT.ReputationIncreased |DT_name={{DT_name}} |DT_wizard_name={{DT_wizard_name}} |DT_wizard_fem={{DT_wizard_fem}}}}",
        /*
			// Jasper
"JasperGone2": "{{i18n:Dialogues.CT.JasperGone2 |DT_name={{DT_name}} |DT_wizard_name={{DT_wizard_name}} |DT_wizard_fem={{DT_wizard_fem}}}}",
"JasperHomeA": "{{i18n:Dialogues.CT.JasperHomeA |DT_name={{DT_name}} |DT_wizard_name={{DT_wizard_name}} |DT_wizard_fem={{DT_wizard_fem}}}}",
*/
        // RSV
        "RSV_GH1": "{{i18n:Dialogues.CT.RSV_GH1 |DT_name={{DT_name}} |DT_wizard_name={{DT_wizard_name}} |DT_wizard_fem={{DT_wizard_fem}}}}",
        "keahi_prank": "{{i18n:Dialogues.CT.keahi_prank |DT_name={{DT_name}} |DT_wizard_name={{DT_wizard_name}} |DT_wizard_fem={{DT_wizard_fem}}}}",
        /*
"Lidens_Return": "{{i18n:Dialogues.CT.Lidens_Return |DT_name={{DT_name}} |DT_wizard_name={{DT_wizard_name}} |DT_wizard_fem={{DT_wizard_fem}}}}",
"Naomi_Return": "{{i18n:Dialogues.CT.Naomi_Return |DT_name={{DT_name}} |DT_wizard_name={{DT_wizard_name}} |DT_wizard_fem={{DT_wizard_fem}}}}",
*/
        // Leilani
        "LeilaniArrives": "{{i18n:Dialogues.CT.LeilaniArrives |DT_name={{DT_name}} |DT_wizard_name={{DT_wizard_name}} |DT_wizard_fem={{DT_wizard_fem}}}}",
        // Prank the Jojamart
        "PTJ03": "{{i18n:Dialogues.CT.PTJ03 |DT_name={{DT_name}} |DT_wizard_name={{DT_wizard_name}} |DT_wizard_fem={{DT_wizard_fem}}}}",
        /*
			// Pumpkin Spice
"pumpkin_spice_madness": "{{i18n:Dialogues.CT.pumpkin_spice_madness |DT_name={{DT_name}} |DT_wizard_name={{DT_wizard_name}} |DT_wizard_fem={{DT_wizard_fem}}}}",
*/
        // Jorts and Jean
        "MeetTheCats": "{{i18n:Dialogues.CT.MeetTheCats |DT_name={{DT_name}} |DT_wizard_name={{DT_wizard_name}} |DT_wizard_fem={{DT_wizard_fem}}}}",
        "ButteredJorts": "{{i18n:Dialogues.CT.ButteredJorts |DT_name={{DT_name}} |DT_wizard_name={{DT_wizard_name}} |DT_wizard_fem={{DT_wizard_fem}}}}",
        "JortsZoomies": "{{i18n:Dialogues.CT.JortsZoomies |DT_name={{DT_name}} |DT_wizard_name={{DT_wizard_name}} |DT_wizard_fem={{DT_wizard_fem}}}}",
        "OpenAllTheDoors": "{{i18n:Dialogues.CT.OpenAllTheDoors |DT_name={{DT_name}} |DT_wizard_name={{DT_wizard_name}} |DT_wizard_fem={{DT_wizard_fem}}}}",
        // Rodney
        "BookLaunchParty": "{{i18n:Dialogues.CT.BookLaunchParty |DT_name={{DT_name}} |DT_wizard_name={{DT_wizard_name}} |DT_wizard_fem={{DT_wizard_fem}}}}",
        // Toshinori
        "MarriedToToshinori": "{{i18n:Dialogues.CT.MarriedToToshinori |DT_name={{DT_name}} |DT_wizard_name={{DT_wizard_name}} |DT_wizard_fem={{DT_wizard_fem}}}}",
        "ToshiPTSD": "{{i18n:Dialogues.CT.ToshiPTSD |DT_name={{DT_name}} |DT_wizard_name={{DT_wizard_name}} |DT_wizard_fem={{DT_wizard_fem}}}}",
        "ToshinorisDeathScene": "{{i18n:Dialogues.CT.ToshinorisDeathScene |DT_name={{DT_name}} |DT_wizard_name={{DT_wizard_name}} |DT_wizard_fem={{DT_wizard_fem}}}}",
        // Yri
        "YriIntroduction": "{{i18n:Dialogues.CT.YriIntroduction |DT_name={{DT_name}} |DT_wizard_name={{DT_wizard_name}} |DT_wizard_fem={{DT_wizard_fem}}}}",
        "CharlesIntroduction": "{{i18n:Dialogues.CT.CharlesIntroduction |DT_name={{DT_name}} |DT_wizard_name={{DT_wizard_name}} |DT_wizard_fem={{DT_wizard_fem}}}}",
        "LewisApology": "{{i18n:Dialogues.CT.LewisApology |DT_name={{DT_name}} |DT_wizard_name={{DT_wizard_name}} |DT_wizard_fem={{DT_wizard_fem}}}}",
        "YriWalk": "{{i18n:Dialogues.CT.YriWalk |DT_name={{DT_name}} |DT_wizard_name={{DT_wizard_name}} |DT_wizard_fem={{DT_wizard_fem}}}}",
        "AfterProposal": "{{i18n:Dialogues.CT.AfterProposal |DT_name={{DT_name}} |DT_wizard_name={{DT_wizard_name}} |DT_wizard_fem={{DT_wizard_fem}} |DT_wizard_name={{DT_wizard_name}} |DT_wizard_fem={{DT_wizard_fem}}}}"
      }
    },

    // Marriage + engagement dialogues //
    /*
    commented out untill marriage update (1.0.0)

    {
      "LogName": "Eleanor - engagement dialogues + marriage fix",
      "Action": "EditData",
      "Target": "Data/EngagementDialogue",
      "Entries": {
        "Eleanor0": "{{i18n:Dialogues.marriage.Eleanor0 |DT_name={{DT_name}} |DT_wizard_name={{DT_wizard_name}} |DT_wizard_fem={{DT_wizard_fem}}}}",
        "Eleanor1": "{{i18n:Dialogues.marriage.Eleanor1 |DT_name={{DT_name}} |DT_wizard_name={{DT_wizard_name}} |DT_wizard_fem={{DT_wizard_fem}}}}",

        "Eleanor_AfterWedding": "{{i18n:Dialogues.marriage.Eleanor_AfterWedding |DT_name={{DT_name}} |DT_wizard_name={{DT_wizard_name}} |DT_wizard_fem={{DT_wizard_fem}}}}",
        "Eleanor_Engaged": "{{i18n:Dialogues.marriage.Eleanor_Engaged |DT_name={{DT_name}} |DT_wizard_name={{DT_wizard_name}} |DT_wizard_fem={{DT_wizard_fem}}}}",
        "Eleanor_EngagedRoommate": "{{i18n:Dialogues.marriage.Eleanor_EngagedRoommate |DT_name={{DT_name}} |DT_wizard_name={{DT_wizard_name}} |DT_wizard_fem={{DT_wizard_fem}}}}",

        // Marriage edit
        "Utility.cs.5367": "{{i18n:Dialogues.marriage.Utility.cs.5367 |DT_name={{DT_name}} |DT_wizard_name={{DT_wizard_name}} |DT_wizard_fem={{DT_wizard_fem}}}}",
        "Utility.cs.5369": "{{i18n:Dialogues.marriage.Utility.cs.5369 |DT_name={{DT_name}} |DT_wizard_name={{DT_wizard_name}} |DT_wizard_fem={{DT_wizard_fem}}}}",
        "Utility.cs.5370": "{{i18n:Dialogues.marriage.Utility.cs.5370 |DT_name={{DT_name}} |DT_wizard_name={{DT_wizard_name}} |DT_wizard_fem={{DT_wizard_fem}}}}",
        "Utility.cs.5371": "{{i18n:Dialogues.marriage.Utility.cs.5371 |DT_name={{DT_name}} |DT_wizard_name={{DT_wizard_name}} |DT_wizard_fem={{DT_wizard_fem}}}}",
        "Utility.cs.5373": "{{i18n:Dialogues.marriage.Utility.cs.5373 |DT_name={{DT_name}} |DT_wizard_name={{DT_wizard_name}} |DT_wizard_fem={{DT_wizard_fem}}}}",
        "Utility.cs.5375": "{{i18n:Dialogues.marriage.Utility.cs.5375 |DT_name={{DT_name}} |DT_wizard_name={{DT_wizard_name}} |DT_wizard_fem={{DT_wizard_fem}}}}",
        "Utility.cs.5377": "{{i18n:Dialogues.marriage.Utility.cs.5377 |DT_name={{DT_name}} |DT_wizard_name={{DT_wizard_name}} |DT_wizard_fem={{DT_wizard_fem}}}}",
        "Utility.cs.5379": "{{i18n:Dialogues.marriage.Utility.cs.5379 |DT_name={{DT_name}} |DT_wizard_name={{DT_wizard_name}} |DT_wizard_fem={{DT_wizard_fem}}}}",
        "Utility.cs.5381": "{{i18n:Dialogues.marriage.Utility.cs.5381 |DT_name={{DT_name}} |DT_wizard_name={{DT_wizard_name}} |DT_wizard_fem={{DT_wizard_fem}}}}",
        "Utility.cs.5383": "{{i18n:Dialogues.marriage.Utility.cs.5383 |DT_name={{DT_name}} |DT_wizard_name={{DT_wizard_name}} |DT_wizard_fem={{DT_wizard_fem}} |DT_wizard_name={{DT_wizard_name}} |DT_wizard_fem={{DT_wizard_fem}}}}"
      },
      "When": {
        "Marriage": "true"
      }
    },

    {
      "LogName": "Eleanor - summit fixes and changes",
      "Action": "EditData",
      "Target": "Data/ExtraDialogue",
      "Entries": {
        "SummitEvent_Intro_Spouse": "First one.../pause 500/message If I can see this, then this one works!",
        "SummitEvent_Intro2_Spouse": "Second one.../pause 500/message If I can see this, then this one works!",
        "SummitEvent_Dialogue1_Spouse": "Third one.../pause 500/message If I can see this, then this one works!",
        "SummitEvent_Dialogue1B_Spouse": "Fourth one.../pause 500/message If I can see this, then this one works!",
        "SummitEvent_Dialogue2_Spouse": "Fifth one.../pause 500/message If I can see this, then this one works!",
        "SummitEvent_Dialogue3_StrojvedouciDenis.Eleanor": "Sixth one.../pause 500/message If I can see this, then this one works!"

//        "SummitEvent_Dialogue3_<spouse>": "{{i18n:Dialogues.marriage.SummitEvent_Dialogue3A_{{ModId}} |DT_name={{DT_name}} |DT_wizard_name={{DT_wizard_name}} |DT_wizard_fem={{DT_wizard_fem}} |DT_wizard_name={{DT_wizard_name}} |DT_wizard_fem={{DT_wizard_fem}}}}/"
            },
      "When": {
        "Marriage": "true"

    },

    {
      "LogName": "Eleanor - summit fixes and changes",
      "Action": "EditData",
      "Target": "Data/ExtraDialogue",
      "Entries": {
        "SummitEvent_Intro_Spouse": "Hey, @./pause 500/message \"If I can see this, then it works!\"",
        "SummitEvent_Intro2_Spouse": "/speak StrojvedouciDenis.Eleanor \"It is so beautiful up here...\"/pause 500/speak StrojvedouciDenis.Eleanor \"If I can see this, then the second one works!\"/pause 500",
        "SummitEvent_Dialogue3_<spouse>": "{{i18n:Dialogues.marriage.SummitEvent_Dialogue3A_{{ModId}} |DT_name={{DT_name}} |DT_wizard_name={{DT_wizard_name}} |DT_wizard_fem={{DT_wizard_fem}} |DT_wizard_name={{DT_wizard_name}} |DT_wizard_fem={{DT_wizard_fem}}}}/"
            },
      "When": {
        "Marriage": "true"
      }
    },


/*
    {
      "LogName": "Eleanor - marriage reject dialogues",
      "Action": "EditData",
      "Target": "Characters/Dialogue/StrojvedouciDenis.Eleanor",
      "Entries": {
"RejectBouquet_AlreadyAccepted_Engaged": "{{i18n:Dialogues.RejectBouquet_AlreadyAccepted_Engaged |DT_name={{DT_name}} |DT_wizard_name={{DT_wizard_name}} |DT_wizard_fem={{DT_wizard_fem}}}}",
"RejectBouquet_AlreadyAccepted_Married": "{{i18n:Dialogues.RejectBouquet_AlreadyAccepted_Married |DT_name={{DT_name}} |DT_wizard_name={{DT_wizard_name}} |DT_wizard_fem={{DT_wizard_fem}}}}",
"RejectBouquet_AlreadyAccepted": "{{i18n:Dialogues.RejectBouquet_AlreadyAccepted |DT_name={{DT_name}} |DT_wizard_name={{DT_wizard_name}} |DT_wizard_fem={{DT_wizard_fem}}}}",

"RejectRoommateProposal": "{{i18n:Dialogues.RejectRoommateProposal |DT_name={{DT_name}} |DT_wizard_name={{DT_wizard_name}} |DT_wizard_fem={{DT_wizard_fem}}}}",
"RejectRoommateProposal_AlreadyAccepted": "{{i18n:Dialogues.RejectRoommateProposal_AlreadyAccepted |DT_name={{DT_name}} |DT_wizard_name={{DT_wizard_name}} |DT_wizard_fem={{DT_wizard_fem}}}}",
"RejectRoommateProposal_NpcWithSomeoneElse": "{{i18n:Dialogues.RejectRoommateProposal_NpcWithSomeoneElse |DT_name={{DT_name}} |DT_wizard_name={{DT_wizard_name}} |DT_wizard_fem={{DT_wizard_fem}}}}",
"RejectRoommateProposal_PlayerWithSomeoneElse": "{{i18n:Dialogues.RejectRoommateProposal_PlayerWithSomeoneElse |DT_name={{DT_name}} |DT_wizard_name={{DT_wizard_name}} |DT_wizard_fem={{DT_wizard_fem}}}}",
"RejectRoommateProposal_LowFriendship": "{{i18n:Dialogues.RejectRoommateProposal_LowFriendship |DT_name={{DT_name}} |DT_wizard_name={{DT_wizard_name}} |DT_wizard_fem={{DT_wizard_fem}}}}",
"RejectRoommateProposal_SmallHouse": "{{i18n:Dialogues.RejectRoommateProposal_SmallHouse |DT_name={{DT_name}} |DT_wizard_name={{DT_wizard_name}} |DT_wizard_fem={{DT_wizard_fem}} |DT_wizard_name={{DT_wizard_name}} |DT_wizard_fem={{DT_wizard_fem}}}}"

"RejectMermaidPendant": "{{i18n:Dialogues.RejectMermaidPendant |DT_name={{DT_name}} |DT_wizard_name={{DT_wizard_name}} |DT_wizard_fem={{DT_wizard_fem}}}}",
"RejectMermaidPendant_Divorced": "{{i18n:Dialogues.RejectMermaidPendant_Divorced |DT_name={{DT_name}} |DT_wizard_name={{DT_wizard_name}} |DT_wizard_fem={{DT_wizard_fem}}}}",
"RejectMermaidPendant_NeedHouseUpgrade": "{{i18n:Dialogues.RejectMermaidPendant_NeedHouseUpgrade |DT_name={{DT_name}} |DT_wizard_name={{DT_wizard_name}} |DT_wizard_fem={{DT_wizard_fem}}}}",
"RejectMermaidPendant_NotDatable": "{{i18n:Dialogues.RejectMermaidPendant_NotDatable |DT_name={{DT_name}} |DT_wizard_name={{DT_wizard_name}} |DT_wizard_fem={{DT_wizard_fem}}}}",
"RejectMermaidPendant_NpcWithSomeoneElse": "{{i18n:Dialogues.RejectMermaidPendant_NpcWithSomeoneElse |DT_name={{DT_name}} |DT_wizard_name={{DT_wizard_name}} |DT_wizard_fem={{DT_wizard_fem}}}}",
"RejectMermaidPendant_PlayerWithSomeoneElse": "{{i18n:Dialogues.RejectMermaidPendant_PlayerWithSomeoneElse |DT_name={{DT_name}} |DT_wizard_name={{DT_wizard_name}} |DT_wizard_fem={{DT_wizard_fem}}}}",
"RejectMermaidPendant_Under8Hearts": "{{i18n:Dialogues.RejectMermaidPendant_Under8Hearts |DT_name={{DT_name}} |DT_wizard_name={{DT_wizard_name}} |DT_wizard_fem={{DT_wizard_fem}}}}",
"RejectMermaidPendant_Under10Hearts": "{{i18n:Dialogues.RejectMermaidPendant_Under10Hearts |DT_name={{DT_name}} |DT_wizard_name={{DT_wizard_name}} |DT_wizard_fem={{DT_wizard_fem}}}}",
"RejectMermaidPendant_Under10Hearts_AskedAgan": "{{i18n:Dialogues.RejectMermaidPendant_Under10Hearts_AskedAgain |DT_name={{DT_name}} |DT_wizard_name={{DT_wizard_name}} |DT_wizard_fem={{DT_wizard_fem}}}}",
"RejectMermaidPendant_AlreadyAccepted": "{{i18n:Dialogues.RejectMermaidPendant_AlreadyAccepted |DT_name={{DT_name}} |DT_wizard_name={{DT_wizard_name}} |DT_wizard_fem={{DT_wizard_fem}}}}",
"RejectMermaidPendant_AlreadyAccepted_Engaged": "{{i18n:Dialogues.RejectMermaidPendant_AlreadyAccepted_Engaged |DT_name={{DT_name}} |DT_wizard_name={{DT_wizard_name}} |DT_wizard_fem={{DT_wizard_fem}}}}",
"RejectMermaidPendant_AlreadyAccepted_Married": "{{i18n:Dialogues.RejectMermaidPendant_AlreadyAccepted_Married |DT_name={{DT_name}} |DT_wizard_name={{DT_wizard_name}} |DT_wizard_fem={{DT_wizard_fem}}}}",
      }
    }
    
    {
      "LogName": "Eleanor - marriage dialogues",
      "Action": "EditData",
      "Target": "Characters/Dialogue/MarriageDialogueEleanor",
      "Entries": {
        
        These 2 commented lines below will stay here as a memory of the Discord chat with many user (including Pathoschild, who gave me the 1st line)
       "Rainy_Day_{{Random: {{Range:0,4}} |key=rainy_day}}": "{{i18n:Dialogues. rainy-day.{{Random: {{Range:0,4}} |key=rainy_day}}}}",
        "Rainy_Night": "{{i18n:Dialogues.{{ModId}}.Rainy_Day_{{Random:{{Range:0,5}}}} |DT_name={{DT_name}} |DT_wizard_name={{DT_wizard_name}} |DT_wizard_fem={{DT_wizard_fem}}}}",

        "Rainy_Day_0": "{{i18n:Dialogues.marriage.Rainy_day_0 |DT_name={{DT_name}} |DT_wizard_name={{DT_wizard_name}} |DT_wizard_fem={{DT_wizard_fem}}}}",
        "Rainy_Day_1": "{{i18n:Dialogues.marriage.Rainy_day_1 |DT_name={{DT_name}} |DT_wizard_name={{DT_wizard_name}} |DT_wizard_fem={{DT_wizard_fem}}}}",
        "Rainy_Day_2": "{{i18n:Dialogues.marriage.Rainy_day_2 |DT_name={{DT_name}} |DT_wizard_name={{DT_wizard_name}} |DT_wizard_fem={{DT_wizard_fem}}}}",
        "Rainy_Day_3": "{{i18n:Dialogues.marriage.Rainy_day_3 |DT_name={{DT_name}} |DT_wizard_name={{DT_wizard_name}} |DT_wizard_fem={{DT_wizard_fem}}}}",
        "Rainy_Day_4": "{{i18n:Dialogues.marriage.Rainy_day_4 |DT_name={{DT_name}} |DT_wizard_name={{DT_wizard_name}} |DT_wizard_fem={{DT_wizard_fem}}}}",
        "Rainy_Night_0": "{{i18n:Dialogues.marriage.Rainy_Night_0 |DT_name={{DT_name}} |DT_wizard_name={{DT_wizard_name}} |DT_wizard_fem={{DT_wizard_fem}}}}",
        "Rainy_Night_1": "{{i18n:Dialogues.marriage.Rainy_Night_1 |DT_name={{DT_name}} |DT_wizard_name={{DT_wizard_name}} |DT_wizard_fem={{DT_wizard_fem}}}}",
        "Rainy_Night_2": "{{i18n:Dialogues.marriage.Rainy_Night_2 |DT_name={{DT_name}} |DT_wizard_name={{DT_wizard_name}} |DT_wizard_fem={{DT_wizard_fem}}}}",
        "Rainy_Night_3": "{{i18n:Dialogues.marriage.Rainy_Night_3 |DT_name={{DT_name}} |DT_wizard_name={{DT_wizard_name}} |DT_wizard_fem={{DT_wizard_fem}}}}",
        "Rainy_Night_4": "{{i18n:Dialogues.marriage.Rainy_Night_4 |DT_name={{DT_name}} |DT_wizard_name={{DT_wizard_name}} |DT_wizard_fem={{DT_wizard_fem}}}}",
        "Rainy_Night_5": "{{i18n:Dialogues.marriage.Rainy_Night_5 |DT_name={{DT_name}} |DT_wizard_name={{DT_wizard_name}} |DT_wizard_fem={{DT_wizard_fem}}}}",
        "Indoor_Day_0": "{{i18n:Dialogues.marriage.Indoor_Day_0 |DT_name={{DT_name}} |DT_wizard_name={{DT_wizard_name}} |DT_wizard_fem={{DT_wizard_fem}}}}",
        "Indoor_Day_1": "{{i18n:Dialogues.marriage.Indoor_Day_1 |DT_name={{DT_name}} |DT_wizard_name={{DT_wizard_name}} |DT_wizard_fem={{DT_wizard_fem}}}}",
        "Indoor_Day_2": "{{i18n:Dialogues.marriage.Indoor_Day_2 |DT_name={{DT_name}} |DT_wizard_name={{DT_wizard_name}} |DT_wizard_fem={{DT_wizard_fem}}}}",
        "Indoor_Day_3": "{{i18n:Dialogues.marriage.Indoor_Day_3 |DT_name={{DT_name}} |DT_wizard_name={{DT_wizard_name}} |DT_wizard_fem={{DT_wizard_fem}}}}",
        "Indoor_Day_4": "{{i18n:Dialogues.marriage.Indoor_Day_4 |DT_name={{DT_name}} |DT_wizard_name={{DT_wizard_name}} |DT_wizard_fem={{DT_wizard_fem}}}}",
        "Indoor_Day_5": "{{i18n:Dialogues.marriage.Indoor_Day_5 |DT_name={{DT_name}} |DT_wizard_name={{DT_wizard_name}} |DT_wizard_fem={{DT_wizard_fem}}}}",
        "Indoor_Night_0": "{{i18n:Dialogues.marriage.Indoor_Night_0 |DT_name={{DT_name}} |DT_wizard_name={{DT_wizard_name}} |DT_wizard_fem={{DT_wizard_fem}}}}",
        "Indoor_Night_1": "{{i18n:Dialogues.marriage.Indoor_Night_1 |DT_name={{DT_name}} |DT_wizard_name={{DT_wizard_name}} |DT_wizard_fem={{DT_wizard_fem}}}}",
        "Indoor_Night_2": "{{i18n:Dialogues.marriage.Indoor_Night_2 |DT_name={{DT_name}} |DT_wizard_name={{DT_wizard_name}} |DT_wizard_fem={{DT_wizard_fem}}}}",
        "Indoor_Night_3": "{{i18n:Dialogues.marriage.Indoor_Night_3 |DT_name={{DT_name}} |DT_wizard_name={{DT_wizard_name}} |DT_wizard_fem={{DT_wizard_fem}}}}",
        "Indoor_Night_4": "{{i18n:Dialogues.marriage.Indoor_Night_4 |DT_name={{DT_name}} |DT_wizard_name={{DT_wizard_name}} |DT_wizard_fem={{DT_wizard_fem}}}}",
        "Indoor_Night_5": "{{i18n:Dialogues.marriage.Indoor_Night_5 |DT_name={{DT_name}} |DT_wizard_name={{DT_wizard_name}} |DT_wizard_fem={{DT_wizard_fem}}}}",
        "Outdoor_0": "{{i18n:Dialogues.marriage.Outdoor_0 |DT_name={{DT_name}} |DT_wizard_name={{DT_wizard_name}} |DT_wizard_fem={{DT_wizard_fem}}}}",
        "Outdoor_1": "{{i18n:Dialogues.marriage.Outdoor_1 |DT_name={{DT_name}} |DT_wizard_name={{DT_wizard_name}} |DT_wizard_fem={{DT_wizard_fem}}}}",
        "Outdoor_2": "{{i18n:Dialogues.marriage.Outdoor_2 |DT_name={{DT_name}} |DT_wizard_name={{DT_wizard_name}} |DT_wizard_fem={{DT_wizard_fem}}}}",
        "Outdoor_3": "{{i18n:Dialogues.marriage.Outdoor_3 |DT_name={{DT_name}} |DT_wizard_name={{DT_wizard_name}} |DT_wizard_fem={{DT_wizard_fem}}}}",
        "Outdoor_4": "{{i18n:Dialogues.marriage.Outdoor_4 |DT_name={{DT_name}} |DT_wizard_name={{DT_wizard_name}} |DT_wizard_fem={{DT_wizard_fem}}}}",
        "Outdoor_5": "{{i18n:Dialogues.marriage.Outdoor_5 |DT_name={{DT_name}} |DT_wizard_name={{DT_wizard_name}} |DT_wizard_fem={{DT_wizard_fem}}}}",
        "OneKid_0": "{{i18n:Dialogues.marriage.OneKid_0 |DT_name={{DT_name}} |DT_wizard_name={{DT_wizard_name}} |DT_wizard_fem={{DT_wizard_fem}}}}",
        "OneKid_1": "{{i18n:Dialogues.marriage.OneKid_1 |DT_name={{DT_name}} |DT_wizard_name={{DT_wizard_name}} |DT_wizard_fem={{DT_wizard_fem}}}}",
        "OneKid_2": "{{i18n:Dialogues.marriage.OneKid_2 |DT_name={{DT_name}} |DT_wizard_name={{DT_wizard_name}} |DT_wizard_fem={{DT_wizard_fem}}}}",
        "OneKid_3": "{{i18n:Dialogues.marriage.OneKid_3 |DT_name={{DT_name}} |DT_wizard_name={{DT_wizard_name}} |DT_wizard_fem={{DT_wizard_fem}}}}",
        "TwoKid_0": "{{i18n:Dialogues.marriage.TwoKid_0 |DT_name={{DT_name}} |DT_wizard_name={{DT_wizard_name}} |DT_wizard_fem={{DT_wizard_fem}}}}",
        "TwoKid_1": "{{i18n:Dialogues.marriage.TwoKid_1 |DT_name={{DT_name}} |DT_wizard_name={{DT_wizard_name}} |DT_wizard_fem={{DT_wizard_fem}}}}",
        "TwoKid_2": "{{i18n:Dialogues.marriage.TwoKid_2 |DT_name={{DT_name}} |DT_wizard_name={{DT_wizard_name}} |DT_wizard_fem={{DT_wizard_fem}}}}",
        "TwoKid_3": "{{i18n:Dialogues.marriage.TwoKid_3 |DT_name={{DT_name}} |DT_wizard_name={{DT_wizard_name}} |DT_wizard_fem={{DT_wizard_fem}}}}",
        "Good_0": "{{i18n:Dialogues.marriage.Good_0 |DT_name={{DT_name}} |DT_wizard_name={{DT_wizard_name}} |DT_wizard_fem={{DT_wizard_fem}}}}",
        "Good_1": "{{i18n:Dialogues.marriage.Good_1 |DT_name={{DT_name}} |DT_wizard_name={{DT_wizard_name}} |DT_wizard_fem={{DT_wizard_fem}}}}",
        "Good_2": "{{i18n:Dialogues.marriage.Good_2 |DT_name={{DT_name}} |DT_wizard_name={{DT_wizard_name}} |DT_wizard_fem={{DT_wizard_fem}}}}",
        "Good_3": "{{i18n:Dialogues.marriage.Good_3 |DT_name={{DT_name}} |DT_wizard_name={{DT_wizard_name}} |DT_wizard_fem={{DT_wizard_fem}}}}",
        "Good_4": "{{i18n:Dialogues.marriage.Good_4 |DT_name={{DT_name}} |DT_wizard_name={{DT_wizard_name}} |DT_wizard_fem={{DT_wizard_fem}}}}",
        "Good_5": "{{i18n:Dialogues.marriage.Good_5 |DT_name={{DT_name}} |DT_wizard_name={{DT_wizard_name}} |DT_wizard_fem={{DT_wizard_fem}}}}",
        "Good_6": "{{i18n:Dialogues.marriage.Good_6 |DT_name={{DT_name}} |DT_wizard_name={{DT_wizard_name}} |DT_wizard_fem={{DT_wizard_fem}}}}",
        "Good_7": "{{i18n:Dialogues.marriage.Good_7 |DT_name={{DT_name}} |DT_wizard_name={{DT_wizard_name}} |DT_wizard_fem={{DT_wizard_fem}}}}",
        "Good_8": "{{i18n:Dialogues.marriage.Good_8 |DT_name={{DT_name}} |DT_wizard_name={{DT_wizard_name}} |DT_wizard_fem={{DT_wizard_fem}}}}",
        "Good_9": "{{i18n:Dialogues.marriage.Good_9 |DT_name={{DT_name}} |DT_wizard_name={{DT_wizard_name}} |DT_wizard_fem={{DT_wizard_fem}}}}",
        "Neutral_0": "{{i18n:Dialogues.marriage.Neutral_0 |DT_name={{DT_name}} |DT_wizard_name={{DT_wizard_name}} |DT_wizard_fem={{DT_wizard_fem}}}}",
        "Neutral_1": "{{i18n:Dialogues.marriage.Neutral_1 |DT_name={{DT_name}} |DT_wizard_name={{DT_wizard_name}} |DT_wizard_fem={{DT_wizard_fem}}}}",
        "Neutral_2": "{{i18n:Dialogues.marriage.Neutral_2 |DT_name={{DT_name}} |DT_wizard_name={{DT_wizard_name}} |DT_wizard_fem={{DT_wizard_fem}}}}",
        "Neutral_3": "{{i18n:Dialogues.marriage.Neutral_3 |DT_name={{DT_name}} |DT_wizard_name={{DT_wizard_name}} |DT_wizard_fem={{DT_wizard_fem}}}}",
        "Neutral_4": "{{i18n:Dialogues.marriage.Neutral_4 |DT_name={{DT_name}} |DT_wizard_name={{DT_wizard_name}} |DT_wizard_fem={{DT_wizard_fem}}}}",
        "Neutral_5": "{{i18n:Dialogues.marriage.Neutral_5 |DT_name={{DT_name}} |DT_wizard_name={{DT_wizard_name}} |DT_wizard_fem={{DT_wizard_fem}}}}",
        "Neutral_6": "{{i18n:Dialogues.marriage.Neutral_6 |DT_name={{DT_name}} |DT_wizard_name={{DT_wizard_name}} |DT_wizard_fem={{DT_wizard_fem}}}}",
        "Neutral_7": "{{i18n:Dialogues.marriage.Neutral_7 |DT_name={{DT_name}} |DT_wizard_name={{DT_wizard_name}} |DT_wizard_fem={{DT_wizard_fem}}}}",
        "Neutral_8": "{{i18n:Dialogues.marriage.Neutral_8 |DT_name={{DT_name}} |DT_wizard_name={{DT_wizard_name}} |DT_wizard_fem={{DT_wizard_fem}}}}",
        "Neutral_9": "{{i18n:Dialogues.marriage.Neutral_9 |DT_name={{DT_name}} |DT_wizard_name={{DT_wizard_name}} |DT_wizard_fem={{DT_wizard_fem}}}}",
        "Bad_0": "{{i18n:Dialogues.marriage.Bad_0 |DT_name={{DT_name}} |DT_wizard_name={{DT_wizard_name}} |DT_wizard_fem={{DT_wizard_fem}}}}",
        "Bad_1": "{{i18n:Dialogues.marriage.Bad_1 |DT_name={{DT_name}} |DT_wizard_name={{DT_wizard_name}} |DT_wizard_fem={{DT_wizard_fem}}}}",
        "Bad_2": "{{i18n:Dialogues.marriage.Bad_2 |DT_name={{DT_name}} |DT_wizard_name={{DT_wizard_name}} |DT_wizard_fem={{DT_wizard_fem}}}}",
        "Bad_3": "{{i18n:Dialogues.marriage.Bad_3 |DT_name={{DT_name}} |DT_wizard_name={{DT_wizard_name}} |DT_wizard_fem={{DT_wizard_fem}}}}",
        "Bad_4": "{{i18n:Dialogues.marriage.Bad_4 |DT_name={{DT_name}} |DT_wizard_name={{DT_wizard_name}} |DT_wizard_fem={{DT_wizard_fem}}}}",
        "Bad_5": "{{i18n:Dialogues.marriage.Bad_5 |DT_name={{DT_name}} |DT_wizard_name={{DT_wizard_name}} |DT_wizard_fem={{DT_wizard_fem}}}}",
        "Bad_6": "{{i18n:Dialogues.marriage.Bad_6 |DT_name={{DT_name}} |DT_wizard_name={{DT_wizard_name}} |DT_wizard_fem={{DT_wizard_fem}}}}",
        "Bad_7": "{{i18n:Dialogues.marriage.Bad_7 |DT_name={{DT_name}} |DT_wizard_name={{DT_wizard_name}} |DT_wizard_fem={{DT_wizard_fem}}}}",
        "Bad_8": "{{i18n:Dialogues.marriage.Bad_8 |DT_name={{DT_name}} |DT_wizard_name={{DT_wizard_name}} |DT_wizard_fem={{DT_wizard_fem}}}}",
        "Bad_9": "{{i18n:Dialogues.marriage.Bad_9 |DT_name={{DT_name}} |DT_wizard_name={{DT_wizard_name}} |DT_wizard_fem={{DT_wizard_fem}} |DT_wizard_name={{DT_wizard_name}} |DT_wizard_fem={{DT_wizard_fem}}}}"
      },
      "When": {
        "Marriage": "true"
      }
    },
*/
    // Other mods
    {
      "LogName": "Eleanor - dialogues - Hogwarts",
      "Action": "EditData",
      "Target": "Characters/Dialogue/StrojvedouciDenis.Eleanor",
      "Entries": {
        "summer_3": "{{i18n:Dialogues.addons.summer_3 |DT_name={{DT_name}} |DT_wizard_name={{DT_wizard_name}} |DT_wizard_fem={{DT_wizard_fem}}}}",
        "summer_4": "{{i18n:Dialogues.addons.summer_4 |DT_name={{DT_name}} |DT_wizard_name={{DT_wizard_name}} |DT_wizard_fem={{DT_wizard_fem}}}}",
        "summer_5": "{{i18n:Dialogues.addons.summer_5 |DT_name={{DT_name}} |DT_wizard_name={{DT_wizard_name}} |DT_wizard_fem={{DT_wizard_fem}}}}",
        "summer_6": "{{i18n:Dialogues.addons.summer_6 |DT_name={{DT_name}} |DT_wizard_name={{DT_wizard_name}} |DT_wizard_fem={{DT_wizard_fem}}}}",
        "summer_7": "{{i18n:Dialogues.addons.summer_7 |DT_name={{DT_name}} |DT_wizard_name={{DT_wizard_name}} |DT_wizard_fem={{DT_wizard_fem}} |DT_wizard_name={{DT_wizard_name}} |DT_wizard_fem={{DT_wizard_fem}}}}"
      },
      "When": {
        "HasMod": "HogwartsET.CP.Hogwarts"
      }
    }
  ]
}
