{
  "Changes": [
    // Load commands - one look only //
    {
      "LogName": "Eleanor - one look only (art by StrojvedouciDenis/hezjena2023)",
      "Action": "Load",
      "Priority": "Low",
      "Target": "Characters/StrojvedouciDenis.Eleanor, Portraits/StrojvedouciDenis.Eleanor",
      "FromFile": "assets/NPC sprites and portraits/{{TargetPathOnly}}/{{Outfits}}/default.png"
    },
    // Load commands - vanilla //
    {
      "LogName": "Eleanor - vanilla (art by hezjena2023)",
      "Action": "Load",
      "Priority": "Low",
      "Target": "Characters/StrojvedouciDenis.Eleanor, Portraits/StrojvedouciDenis.Eleanor",
      "FromFile": "assets/NPC sprites and portraits/{{TargetPathOnly}}/{{Outfits}}/default.png",
      "Update": "OnLocationChange",
      "When": {
        "Outfits": "vanilla"
      }
    },
    {
      "LogName": "Eleanor - vanilla - winter (art by hezjena2023)",
      "Action": "Load",
      "Priority": "Low",
      "Target": "Characters/StrojvedouciDenis.Eleanor, Portraits/StrojvedouciDenis.Eleanor",
      "FromFile": "assets/NPC sprites and portraits/{{TargetPathOnly}}/{{Outfits}}/Winter.png",
      "Update": "OnLocationChange",
      "When": {
        "Outfits": "vanilla",
        "Season": "Winter"
      }
    },

    // Load commands - seasonal sprites & portraits //
    {
      "LogName": "Eleanor - seasonal (art by hezjena2023)",
      "Action": "Load",
      "Priority": "Low",
      "Target": "Characters/StrojvedouciDenis.Eleanor, Portraits/StrojvedouciDenis.Eleanor",
      "FromFile": "assets/NPC sprites and portraits/{{TargetPathOnly}}/{{Outfits}}/{{Season}}.png",
      "Update": "OnLocationChange",
      "When": {
        "Outfits": "seasonal"
      }
    },
/*
deactivated due to missing portraits
    {
      "LogName": "Eleanor - seasonal - winter inside (art by hezjena2023)",
      "Action": "Load",
      "Priority": "Low",
      "Target": "Characters/StrojvedouciDenis.Eleanor, Portraits/StrojvedouciDenis.Eleanor",
      "FromFile": "assets/NPC sprites and portraits/{{TargetPathOnly}}/{{Outfits}}/Winter inside.png",
      "Update": "OnLocationChange",
      "When": {
        "Outfits": "seasonal",
        "Season |contains=Winter": true,
        "LocationName |contains=WizardHouse, Custom_WizardBasement": true
      }
    },
    */
    // Load commands - rain clothes //
    {
      "LogName": "Eleanor - rain, green rain, storm",
      "Action": "Load",
      "Priority": "Low + 5",
      "Target": "Characters/StrojvedouciDenis.Eleanor, Portraits/StrojvedouciDenis.Eleanor",
      "FromFile": "assets/NPC sprites and portraits/{{TargetPathOnly}}/{{Outfits}}/default.png",
      "Update": "OnLocationChange",
      "When": {
        "Weather |contains=Rain, Green Rain, Storm": true
      }
    },

    // Load commands - festival clothes //
    {
      "LogName": "Eleanor - festivals load command",
      "Action": "Load",
      "Priority": "Low + 10",
      "Target": "Characters/StrojvedouciDenis.Eleanor, Portraits/StrojvedouciDenis.Eleanor",
      "FromFile": "assets/NPC sprites and portraits/{{TargetPathOnly}}/{{Outfits}}/default.png",
      "Update": "OnLocationChange",
      "When": {
        "Festivals": "true",
        "DayEvent |contains=dance of the moonlight jellies, egg festival, feast of the winter star, festival of ice, flower dance, luau, stardew valley fair, spirit's eve": true
      }
    }
  ]
}
