{
// NPC Eleanor //

// "$schema": "https://smapi.io/schemas/content-patcher.json", commented out because of formating problems after format 2.5.0


/*
https://stardewvalleywiki.com/Modding:Index
https://stardewvalleywiki.com/Modding:NPC_data

https://github.com/Pathoschild/StardewMods/blob/develop/ContentPatcher/docs/author-guide.md
*/

  "Format": "2.7.0",

  // NPC Eleanor - config.json file //

  // Config is also translatable with i18n, even though it doesn't look like
  "ConfigSchema": {
    // Optional content for Eleanor
    "Festivals": {
      "AllowValues": "true, false",
      "Default": "true",
      "Section": "Optional content for Eleanor",
      "Description": "This setting activates Eleanor at some vanilla festivals. As of 0.9.6 it includes unique non-marriage dialogues (year 1 only) for each festival she'll attend and one marriage dialogue. Default setting: true."
    },

    "Marriage": {
      "AllowValues": "true, false",
      "Default": "false",
      "Section": "Optional content for Eleanor",
      "Description": "! PRE-ALPHA VERSION --> = U = N = U = S = A = B = L = E =  - WILL RESULT IN GAME (BREAKING?) ERRORS ! This setting lets you choose if Eleanor can be married. As of 0.9.6, it should include A LOT of ERRORS! Default setting: false. = Turn on at your own risk! ="
    },

    "Map-furniture": {
      "AllowValues": "default, wizard",
      "Default": "default",
      "Section": "Optional content for Eleanor",
      "Description": "=! The wizard furniture is working only if you have the Arbitrary Tilesheet Access mod installed! = This setting lets you choose if Eleanor's home will have normal or wizard-like furniture. Default setting: default."
    },

    "14hearts-variants": {
      "AllowValues": "short", // "short, long"
      "Default": "short", // short due to multiplayer support, I worry that long is too long for 1 SV multiplayer day
      "Section": "Optional content for Eleanor",
      "Description": "This setting lets you choose the variant of Eleanor's 14hearts event. You can choose between short and long versions, which contain of 5 automatically triggered events. = The short version has a fully different outcome than the long one! = Default setting: long."
    },

    "14hearts-commented": {
      "AllowValues": "true, false",
      "Default": "false",
      "Section": "Optional content for Eleanor",
      "Description": "This setting lets you choose if Eleanor's 14hearts event will include comments or not. Default setting: false."
    },

    // Visual side of Eleanor

    //commented out because of the missing art - working on it with hezjena2023
    "Outfits": {
      "AllowValues": "one look only (ORG), one look only, vanilla, seasonal",
      "Default": "vanilla",
      "Section": "Visual side of Eleanor",
      "Description": "= ! EXPERIMENTAL - MIGHT (but shouldn't) RESULT IN NPC WITHOUT SPRITES OR PORTRAITS ! = This setting sets sprites & portraits for Eleanor.  As of 0.9.6, it is an experimental feature that would be stable in 0.9.0. Default setting: only one look."
    },

    /*
commented out because of the missing 256X256 portraits code
     "Portraits": {
      "AllowValues": "64X64,256X256",
      "Default": "64X64",
      "Section": "Visual side of Eleanor",
      "Description": "placeholder",
    },
    */

    // Experimental - D O * N O T * C H A N G E
    "On/off": {
      "AllowValues": "on, safe mode, off",
      "Default": "on",
      "Section": "Experimental - DoNotChange",
      "Description": " = D O = N O T = U S E = For experimental usage only -> change at your own risk! = This setting lets you choose if Eleanor will be added to the game. As of 0.9.6, it is partly (not?) functional. When set to safe mode, Eleanor will be put out of the map but all progress with her will be kept. When off, Eleanor will be deleted from the game. Default setting: on."
    }
  },

  "DynamicTokens": [
    // CODE DT'S
    // Weekdays - edited code from https://stardewmodding.wiki.gg/wiki/Npc_template#Content.json
    {
      "Name": "DT_weekday",
      "Value": "Mon",
      "When": { "DayOfWeek": "Monday" }
    },
    {
      "Name": "DT_weekday",
      "Value": "Tue",
      "When": { "DayOfWeek": "Tuesday" }
    },
    {
      "Name": "DT_weekday",
      "Value": "Wed",
      "When": { "DayOfWeek": "Wednesday" }
    },
    {
      "Name": "DT_weekday",
      "Value": "Thu",
      "When": { "DayOfWeek": "Thursday" }
    },
    {
      "Name": "DT_weekday",
      "Value": "Fri",
      "When": { "DayOfWeek": "Friday" }
    },
    {
      "Name": "DT_weekday",
      "Value": "Sat",
      "When": { "DayOfWeek": "Saturday" }
    },
    {
      "Name": "DT_weekday",
      "Value": "Sun",
      "When": { "DayOfWeek": "Sunday" }
    },

    // Map furnitures
    {
      "Name": "DT_furniture",
      "Value": "default"
    },
    {
      "Name": "DT_furniture",
      "Value": "wizard",
      "When": {
        "Map-furniture": "wizard",
        "HasMod |contains=Spiderbuttons.ArbitraryTilesheetAccess": true
      }
    },
    /*
    {
      "Name": "DT_outfits",
      "Value": "one look only (ORG)",
      "When": {
        "Outfits": "one look only (ORG)"
      }
    },
    {
      "Name": "DT_outfits",
      "Value": "one look only",
      "When": {
        "Outfits": "one look only"
      }
    },
    {
      "Name": "DT_outfits",
      "Value": "vanilla",
      "When": {
        "Outfits": "vanilla"
      }
    },
    {
      "Name": "DT_outfits",
      "Value": "seasonal",
      "When": {
        "Outfits": "seasonal"
      }
    },    
*/

    // GAME DT'S
    // (in)formality + GNMT support
    {
      "Name": "DT_name",
      "Value": "${Mr.^Ms.^Mx.}$ {{PlayerName}}"
    },
    {
      "Name": "DT_name",
      "Value": "{{Hana.GNMTokens/Title}} {{PlayerName}}",
      "When": {
        "HasSeenEvent |contains=StrojvedouciDenis.Eleanor_4hearts": false,
        "HasMod": "Hana.GNMTokens"
      }
    },
    {
      "Name": "DT_name",
      "Value": "{{PlayerName}}",
      "When": {
        "HasSeenEvent |contains=StrojvedouciDenis.Eleanor_4hearts": true
      }
    },

    // compatibilities
    // wizard changes
    {
      "Name": "DT_wizard_name",
      "Value": "Mr. Rasmodius"
    },
    {
      "Name": "DT_wizard_name",
      "Value": "Ms. Rasmodia",
      "When": {
        "HasMod |contains=Nom0ri.RomRas": true
      }
    },
    {
      "Name": "DT_wizard_fem",
      "Value": "he"
    },
    {
      "Name": "DT_wizard_fem",
      "Value": "she",
      "When": {
        "HasMod |contains=Nom0ri.RomRas": true
      }
    },

    // language translations of DT's
    // GERMAN
    {
      "Name": "DT_name",
      "Value": "${Herr^Frau^Mx.}$ {{PlayerName}}",
      "When": {
        "Language": "de"
      }
    },
    {
      "Name": "DT_wizard_name",
      "Value": "Herr Rasmodius",
      "When": {
        "Language": "de"
      }
    },
    {
      "Name": "DT_wizard_name",
      "Value": "Frau Rasmodia",
      "When": {
        "HasMod |contains=Nom0ri.RomRas": true,
        "Language": "de"
      }
    },
    {
      "Name": "DT_wizard_fem",
      "Value": "er",
      "When": {
        "Language": "de"
      }
    },
    {
      "Name": "DT_wizard_fem",
      "Value": "sie",
      "When": {
        "HasMod |contains=Nom0ri.RomRas": true,
        "Language": "de"
      }
    },
    // SPANISH
    {
      "Name": "DT_name",
      "Value": "${Señor^Señora^Mx.}$ {{PlayerName}}",
      "When": {
        "Language": "es"
      }
    },
    {
      "Name": "DT_wizard_name",
      "Value": "Señor Rasmodius",
      "When": {
        "Language": "es"
      }
    },
    {
      "Name": "DT_wizard_name",
      "Value": "Señora Rasmodia",
      "When": {
        "HasMod |contains=Nom0ri.RomRas": true,
        "Language": "es"
      }
    },
    {
      "Name": "DT_wizard_fem",
      "Value": "él",
      "When": {
        "Language": "es"
      }
    },
    {
      "Name": "DT_wizard_fem",
      "Value": "ella",
      "When": {
        "HasMod |contains=Nom0ri.RomRas": true,
        "Language": "es"
      }
    },
    // FRENCH
    {
      "Name": "DT_name",
      "Value": "${Monsieur^Madame^Mx.}$ {{PlayerName}}",
      "When": {
        "Language": "fr"
      }
    },
    {
      "Name": "DT_wizard_name",
      "Value": "Monsieur Rasmodius",
      "When": {
        "Language": "fr"
      }
    },
    {
      "Name": "DT_wizard_name",
      "Value": "Madame Rasmodia",
      "When": {
        "HasMod |contains=Nom0ri.RomRas": true,
        "Language": "fr"
      }
    },
    {
      "Name": "DT_wizard_fem",
      "Value": "il",
      "When": {
        "Language": "fr"
      }
    },
    {
      "Name": "DT_wizard_fem",
      "Value": "elle",
      "When": {
        "HasMod |contains=Nom0ri.RomRas": true,
        "Language": "fr"
      }
    },
    // HUNGARIAN
    {
      "Name": "DT_name",
      "Value": "${Úr^Asszony^Mx.}$ {{PlayerName}}",
      "When": {
        "Language": "hu"
      }
    },
    {
      "Name": "DT_wizard_name",
      "Value": "Úr Rasmodius",
      "When": {
        "Language": "hu"
      }
    },
    {
      "Name": "DT_wizard_name",
      "Value": "Asszony Rasmodia",
      "When": {
        "HasMod |contains=Nom0ri.RomRas": true,
        "Language": "hu"
      }
    },
    {
      "Name": "DT_wizard_fem",
      "Value": "ő",
      "When": {
        "Language": "hu"
      }
    },
    {
      "Name": "DT_wizard_fem",
      "Value": "ő",
      "When": {
        "HasMod |contains=Nom0ri.RomRas": true,
        "Language": "hu"
      }
    },
    // ITALIAN
    {
      "Name": "DT_name",
      "Value": "${Signore^Signora^Mx.}$ {{PlayerName}}",
      "When": {
        "Language": "it"
      }
    },
    {
      "Name": "DT_wizard_name",
      "Value": "Signor Rasmodius",
      "When": {
        "Language": "it"
      }
    },
    {
      "Name": "DT_wizard_name",
      "Value": "Signora Rasmodia",
      "When": {
        "HasMod |contains=Nom0ri.RomRas": true,
        "Language": "it"
      }
    },
    {
      "Name": "DT_wizard_fem",
      "Value": "lui",
      "When": {
        "Language": "it"
      }
    },
    {
      "Name": "DT_wizard_fem",
      "Value": "lei",
      "When": {
        "HasMod |contains=Nom0ri.RomRas": true,
        "Language": "it"
      }
    },
    // JAPANESE
    {
      "Name": "DT_name",
      "Value": "${さん^様^Mx.}$ {{PlayerName}}",
      "When": {
        "Language": "ja"
      }
    },
    {
      "Name": "DT_wizard_name",
      "Value": "ラズモディウスさん",
      "When": {
        "Language": "ja"
      }
    },
    {
      "Name": "DT_wizard_name",
      "Value": "ラズモディアさん",
      "When": {
        "HasMod |contains=Nom0ri.RomRas": true,
        "Language": "ja"
      }
    },
    {
      "Name": "DT_wizard_fem",
      "Value": "彼",
      "When": {
        "Language": "ja"
      }
    },
    {
      "Name": "DT_wizard_fem",
      "Value": "彼女",
      "When": {
        "HasMod |contains=Nom0ri.RomRas": true,
        "Language": "ja"
      }
    },
    // KOREAN
    {
      "Name": "DT_name",
      "Value": "${씨^님^Mx.}$ {{PlayerName}}",
      "When": {
        "Language": "ko"
      }
    },
    {
      "Name": "DT_wizard_name",
      "Value": "라스모디우스 씨",
      "When": {
        "Language": "ko"
      }
    },
    {
      "Name": "DT_wizard_name",
      "Value": "라스모디아 씨",
      "When": {
        "HasMod |contains=Nom0ri.RomRas": true,
        "Language": "ko"
      }
    },
    {
      "Name": "DT_wizard_fem",
      "Value": "그",
      "When": {
        "Language": "ko"
      }
    },
    {
      "Name": "DT_wizard_fem",
      "Value": "그녀",
      "When": {
        "HasMod |contains=Nom0ri.RomRas": true,
        "Language": "ko"
      }
    },
    // PORTUGUESE
    {
      "Name": "DT_name",
      "Value": "${Senhor^Senhora^Mx.}$ {{PlayerName}}",
      "When": {
        "Language": "pt"
      }
    },
    {
      "Name": "DT_wizard_name",
      "Value": "Senhor Rasmodius",
      "When": {
        "Language": "pt"
      }
    },
    {
      "Name": "DT_wizard_name",
      "Value": "Senhora Rasmodia",
      "When": {
        "HasMod |contains=Nom0ri.RomRas": true,
        "Language": "pt"
      }
    },
    {
      "Name": "DT_wizard_fem",
      "Value": "ele",
      "When": {
        "Language": "pt"
      }
    },
    {
      "Name": "DT_wizard_fem",
      "Value": "ela",
      "When": {
        "HasMod |contains=Nom0ri.RomRas": true,
        "Language": "pt"
      }
    },
    // RUSSIAN
    {
      "Name": "DT_name",
      "Value": "${Господин^Госпожа^Mx.}$ {{PlayerName}}",
      "When": {
        "Language": "ru"
      }
    },
    {
      "Name": "DT_wizard_name",
      "Value": "Господин Расмодиус",
      "When": {
        "Language": "ru"
      }
    },
    {
      "Name": "DT_wizard_name",
      "Value": "Госпожа Расмодия",
      "When": {
        "HasMod |contains=Nom0ri.RomRas": true,
        "Language": "ru"
      }
    },
    {
      "Name": "DT_wizard_fem",
      "Value": "он",
      "When": {
        "Language": "ru"
      }
    },
    {
      "Name": "DT_wizard_fem",
      "Value": "она",
      "When": {
        "HasMod |contains=Nom0ri.RomRas": true,
        "Language": "ru"
      }
    },
    // TURKISH
    {
      "Name": "DT_name",
      "Value": "${Bay^Bayan^Mx.}$ {{PlayerName}}",
      "When": {
        "Language": "tr"
      }
    },
    {
      "Name": "DT_wizard_name",
      "Value": "Bay Rasmodius",
      "When": {
        "Language": "tr"
      }
    },
    {
      "Name": "DT_wizard_name",
      "Value": "Bayan Rasmodia",
      "When": {
        "HasMod |contains=Nom0ri.RomRas": true,
        "Language": "tr"
      }
    },
    {
      "Name": "DT_wizard_fem",
      "Value": "o",
      "When": {
        "Language": "tr"
      }
    },
    {
      "Name": "DT_wizard_fem",
      "Value": "o",
      "When": {
        "HasMod |contains=Nom0ri.RomRas": true,
        "Language": "tr"
      }
    },
    // CHINESE (but which one? I don't quite know)
    {
      "Name": "DT_name",
      "Value": "${先生^女士^Mx.}$ {{PlayerName}}",
      "When": {
        "Language": "zh"
      }
    },
    {
      "Name": "DT_wizard_name",
      "Value": "拉斯莫迪乌斯先生",
      "When": {
        "Language": "zh"
      }
    },
    {
      "Name": "DT_wizard_name",
      "Value": "拉斯莫迪亚女士",
      "When": {
        "HasMod |contains=Nom0ri.RomRas": true,
        "Language": "zh"
      }
    },
    {
      "Name": "DT_wizard_fem",
      "Value": "他",
      "When": {
        "Language": "zh"
      }
    },
    {
      "Name": "DT_wizard_fem",
      "Value": "她",
      "When": {
        "HasMod |contains=Nom0ri.RomRas": true,
        "Language": "zh"
      }
    }
  ],

  "Changes": [
    // Dispositions //
    {
      "LogName": "{{ModId}} - NPC dispositions load command",
      "Action": "EditData",
      "Target": "Data/Characters",
      "Entries": {
        "StrojvedouciDenis.Eleanor": {
          // all dispositions with their definitions: https://stardewmodding.wiki.gg/wiki/Npc_template#Data/Characters,_Formerly_known_as_%22NPCDispositions%22_pre_1.6
          "DisplayName": "{{i18n:DisplayName}}",
          "Language": "default", // speaks normal Stardew Valley language (default = English) X also knows some arcane or magical languages
          "Gender": "female",
          "Age": "adult", // around 20? might change (23.1.2025)
          "Manner": "polite", // very polite
          "SocialAnxiety": "shy", // kinda shy, but should open up to player
          "Optimism": "neutral", // has realistic view on life
          "BirthSeason": "fall",
          "BirthDay": "18",
          "HomeRegion": "town",
          "IsDarkSkinned": "false",

          "CanSocialize": "true",
          "CanBeRomanced": "true", // not sure how bugged it will be (7.2.2025)
          "CanReceiveGifts": "true",
          "CanCommentOnPurchasedShopItems": "true",
          "CanGreetNearbyCharacters": "true",
          "CanVisitIsland": "true",
          "LoveInterest": "null", //not sure what it does
          "Calendar": "HiddenUntilMet",
          "SocialTab": "HiddenUntilMet",
          "SpouseAdopts": "null",
          "SpouseWantsChildren": "true",
          "SpouseGiftJealousy": "true",
          "SpouseGiftJealousyFriendshipChange": -15,

          /* 
          these thingies will probably be used in maps.json, at least when their time comes

   "SpouseRoom": {
        "MapAsset": "",
        "MapSourceRect": {
            "X": 0,
            "Y": 0,
            "Width": 0,
            "Height": 0
        }
    },
    "SpousePatio": {
        "MapAsset": "",
        "MapSourceRect": {
            "X": 0,
            "Y": 0,
            "Width": 0,
            "Height": 0
        },
        "SpriteAnimationFrames": [],
        "SpriteAnimationPixelOffset": {
            "X": 0,
            "Y": 0
        }
    },
    "SpouseFloors": "",
    "SpouseWallpapers": "", 
*/
          "IntroductionsQuest": "true",
          "ItemDeliveryQuests": "true",
          "PerfectionScore": "true",
          "EndSlideShow": "TrailingGroup", // Eleanor isn't important enough to be in the main group, so she'll be in the trailing group (with Wizard/Mr. Rasmodius, Sandy, Krobus, etc.)
          //"FriendsAndFamily": { "Wizard": "mentor" }, // NOT SURE IF WORKING NOR IF IT HAS ANY EFFECT (7.1.2025); should be using i18n!

          // Dumpster Diving
          "DumpsterDiveEmote": "28",
          "DumpsterDiveFriendshipEffect": "-5",

          // Festivals
          "FlowerDanceCanDance": "false", // not supported... yet
          "WinterStarParticipant": "false", // not supported... yet ?
          //"WinterStarGifts": [],

          // Spawn Rules
          "UnlockConditions": "true",
          "SpawnIfMissing": "true",
          "Home": [
            {
              "ID": "{{ModId}}.Spawning_tile",
              "Location": "{{ModId}}.Maps.Eleanor.home",
              "Tile": {
                "X": 20,
                "Y": 16
              },
              "Direction": "down",
              "Condition": "true"
            }
          ],

          // Appearance & Sprite
          /*
           These will be used in NPCgraphics.json file someday (no idea when)

// keeping default
    "TextureName": "StrojvedouciDenis.Eleanor",
    "Appearance": [
        {
            "Id": "",
            "Season": "",
            "Indoors": "",
            "Outdoors": "",
            "Condition": "",
            "Portrait": "",
            "Sprite": "",
            "IsIslandAttire": "",
            "Precedence": 0,
            "Weight": 1
        }
    ],
    "MugShotSourceRect": {
        "X": 0,
        "Y": 0,
        "Width": 16,
        "Height": 24
    },
    "Size": {
        "X": 16,
        "Y": 32
    },
*/
          "Breather": "true",
          /*
// keeping default
    "BreathChestRect": {
        "X": 0,
        "Y": 0,
        "Width": 0,
        "Height": 0
    },
    "BreathChestPosition": {
        "X": 0,
        "Y": 0
    },
*/
          "Shadow": {
            "Visible": "true",
            "Offset": {
              "X": 0,
              "Y": 0
            },
            "Scale": 1
          },
          /*
    "EmoteOffset": {
        "X": 0,
        "Y": 0
    },

          "ShakePortraits": [], // I honestly can't imagine what this does, it's empty by default, so 100% safe to skip
*/
          "KissSpriteIndex": "28",
          "KissSpriteFacingRight": false, // huh?
          "HiddenProfileEmoteSound": "achievement", // https://stardewvalleywiki.com/Secrets#Gift_Log
          "HiddenProfileEmoteDuration": "5000" // https://stardewvalleywiki.com/Secrets#Gift_Log
          /*
    "HiddenProfileEmoteStartFrame": "", // https://stardewvalleywiki.com/Secrets#Gift_Log
    "HiddenProfileEmoteFrameCount": "", // https://stardewvalleywiki.com/Secrets#Gift_Log
    "HiddenProfileEmoteFrameDuration": "", // https://stardewvalleywiki.com/Secrets#Gift_Log
*/

          // Advanced
          // "CustomFields": "", // what is this? I don't know, so let's skip it
          // "FormerCharacterNames": ["Eleanor"] //could have been used as a callback for older name, but as I changed internal name before 0.7.0, it's not needed anymore, so commented out for compatibility
          // "FestivalVanillaActorIndex": ""
        }
      }
    },
    {
      "LogName": "{{ModId}} - safe mode disposition when turned on load command",
      "Action": "EditData",
      "Target": "Data/Characters",
      "Fields": {
        "StrojvedouciDenis.Eleanor": {
          "Home": [
            {
              "Id": "{{ModId}}.Safemode_spawning_tile",
              "Location": "WizardHouse",
              "Tile": {
                "X": 1,
                "Y": 1
              }
            }
          ]
        }
      },
      "When": {
        "On/off": "safe mode"
      }
    },

    // Blank file triggering
    {
      "LogName": "{{ModId}} - blank file load command",
      "Action": "Load",
      "Target": "Characters/Dialogue/StrojvedouciDenis.Eleanor, Characters/schedules/StrojvedouciDenis.Eleanor",
      "FromFile": "assets/zzz_blankfile.json",
      "When": {
        "On/off": "on, safe mode"
      }
    },
    // Addons //
    {
      "LogName": "{{ModId}} - addons load command",
      "Action": "Include",
      "FromFile": "assets/z_addons.json",
      "When": {
        "On/off": "on, safe mode"
      }
    },

    // Dialogues //
    {
      "LogName": "{{ModId}} - dialogues load command",
      "Action": "Include",
      "FromFile": "assets/dialogues.json",
      "When": {
        "On/off": "on, safe mode"
      }
    },

    // Events //
    {
      "LogName": "{{ModId}} - events load command",
      "Action": "Include",
      "FromFile": "assets/events.json",
      "When": {
        "On/off": "on, safe mode"
      }
    },

    // Festivals //
    {
      "LogName": "{{ModId}} - festivals load command",
      "Action": "Include",
      "FromFile": "assets/festivals.json",
      "When": {
        "On/off": "on, safe mode",
        "Festivals": "true"
      }
    },

    // Gifts //
    {
      "LogName": "{{ModId}} - gifts load command",
      "Action": "Include",
      "FromFile": "assets/gifts.json",
      "When": {
        "On/off": "on, safe mode"
      }
    },

    // Mails //
    {
      "LogName": "{{ModId}} - mails load command",
      "Action": "Include",
      "FromFile": "assets/mails.json",
      "When": {
        "On/off": "on, safe mode"
      }
    },

    // Maps //
    {
      "LogName": "{{ModId}} - maps load command",
      "Action": "Include",
      "FromFile": "assets/maps.json",
      "When": {
        "On/off": "on, safe mode"
      }
    },

    // Movies //
    {
      "LogName": "{{ModId}} - movies load command",
      "Action": "Include",
      "FromFile": "assets/movies.json",
      "When": {
        "On/off": "on, safe mode"
      }
    },

    // NPC sprites & portraits //
    {
      "LogName": "{{ModId}} - graphics load command",
      "Action": "Include",
      "FromFile": "assets/NPCgraphics.json",
      "When": {
        "On/off": "on, safe mode"
      }
    },

    // Schedule //
    {
      "LogName": "{{ModId}} - schedule load command",
      "Action": "Include",
      "FromFile": "assets/schedules.json",
      "When": {
        "On/off": "on, safe mode"
      }
    },

    // Secrets of Eleanor //
    {
      "LogName": "{{ModId}} - secrets load command",
      "Action": "Include",
      "FromFile": "assets/z_secrets.json",
      "When": {
        "On/off": "on, safe mode"
      }
    }
  ]
}
