{
  "Changes": [
    // BETAS - Button's Extra Trigger Action Stuff //
    // https://stardew.button.gay/docs/betas
    {
      "LogName": "{{ModId}}_BETAS_TriggerActions",
      "Action": "EditData",
      "Target": "Data/TriggerActions",
      "Entries": {
        "{{ModId}}_BETAS_BookRead_SecretNote": {
          "Id": "{{ModId}}_BETAS_BookRead_SecretNote",
          "Trigger": "Spiderbuttons.BETAS_BookRead",
          "Condition": "ITEM_ID Target (O)79",
          "Actions": [
            "AddConversationTopic {{ModId}}_BETAS_BookRead_SecretNote"
          ]
        },
        "{{ModId}}_BETAS_BookRead_LostBook": {
            "Id": "{{ModId}}_BETAS_BookRead_LostBook",
            "Trigger": "Spiderbuttons.BETAS_BookRead",
            "Condition": "ITEM_ID Target (O)102",
            "Actions": [
                "AddConversationTopic {{ModId}}_BETAS_BookRead_LostBook 3"
            ]
            },
        "{{ModId}}_BETAS_BookRead_StoneBase": {
            "Id": "{{ModId}}_BETAS_BookRead_StoneBase",
            "Trigger": "Spiderbuttons.BETAS_BookRead",
            "Condition": "ITEM_ID Target (O)449",
            "Actions": [
                "AddConversationTopic {{ModId}}_BETAS_BookRead_StoneBase 3"
            ]
        },
        "{{ModId}}_BETAS_BookRead_ArtifactSpot": {
            "Id": "{{ModId}}_BETAS_BookRead_ArtifactSpot",
            "Trigger": "Spiderbuttons.BETAS_BookRead",
            "Condition": "ITEM_ID Target (O)590",
            "Actions": [
                "AddConversationTopic {{ModId}}_BETAS_BookRead_ArtifactSpot 3"
            ]
        },
        "{{ModId}}_BETAS_BookRead_JournalScrap": {
            "Id": "{{ModId}}_BETAS_BookRead_JournalScrap",
            "Trigger": "Spiderbuttons.BETAS_BookRead",
            "Condition": "ITEM_ID Target (O)842",
            "Actions": [
                "AddConversationTopic {{ModId}}_BETAS_BookRead_JournalScrap 3"
            ]
        },
        "{{ModId}}_BETAS_BookRead_Artifact Spot": {
            "Id": "{{ModId}}_BETAS_BookRead_Artifact Spot",
            "Trigger": "Spiderbuttons.BETAS_BookRead",
            "Condition": "ITEM_ID Target (O)SeedSpot",
            "Actions": [
                "AddConversationTopic {{ModId}}_BETAS_BookRead_Artifact Spot 3"
            ]
        },
        "{{ModId}}_BETAS_BookRead_BookOfStars": {
            "Id": "{{ModId}}_BETAS_BookRead_BookOfStars",
            "Trigger": "Spiderbuttons.BETAS_BookRead",
            "Condition": "ITEM_ID Target (O)PurpleBook",
            "Actions": [
                "AddConversationTopic {{ModId}}_BETAS_BookRead_BookOfStars 3"
            ]
        },
        "{{ModId}}_BETAS_BookRead_StardewValleyAlmanac": {
            "Id": "{{ModId}}_BETAS_BookRead_StardewValleyAlmanac",
            "Trigger": "Spiderbuttons.BETAS_BookRead",
            "Condition": "ITEM_ID Target (O)SkillBook_0",
            "Actions": [
                "AddConversationTopic {{ModId}}_BETAS_BookRead_StardewValleyAlmanac 3"
            ]
        },
        "{{ModId}}_BETAS_BookRead_WoodcuttersWeekly": {
            "Id": "{{ModId}}_BETAS_BookRead_WoodcuttersWeekly",
            "Trigger": "Spiderbuttons.BETAS_BookRead",
            "Condition": "ITEM_ID Target (O)SkillBook_2",
            "Actions": [
                "AddConversationTopic {{ModId}}_BETAS_BookRead_WoodcuttersWeekly 3"
            ]
        },
        "{{ModId}}_BETAS_BookRead_BaitAndBobber": {
            "Id": "{{ModId}}_BETAS_BookRead_BaitAndBobber",
            "Trigger": "Spiderbuttons.BETAS_BookRead",
            "Condition": "ITEM_ID Target (O)SkillBook_1",
            "Actions": [
                "AddConversationTopic {{ModId}}_BETAS_BookRead_BaitAndBobber 3"
            ]
        },
        "{{ModId}}_BETAS_BookRead_MiningMonthly": {
            "Id": "{{ModId}}_BETAS_BookRead_MiningMonthly",
            "Trigger": "Spiderbuttons.BETAS_BookRead",
            "Condition": "ITEM_ID Target (O)SkillBook_3",
            "Actions": [
                "AddConversationTopic {{ModId}}_BETAS_BookRead_MiningMonthly 3"
            ]
        },
        "{{ModId}}_BETAS_BookRead_CombatQuarterly": {
            "Id": "{{ModId}}_BETAS_BookRead_CombatQuarterly",
            "Trigger": "Spiderbuttons.BETAS_BookRead",
            "Condition": "ITEM_ID Target (O)SkillBook_4",
            "Actions": [
                "AddConversationTopic {{ModId}}_BETAS_BookRead_CombatQuarterly 3"
            ]
        },
        "{{ModId}}_BETAS_BookRead_TheAlleywayBuffet": {
            "Id": "{{ModId}}_BETAS_BookRead_TheAlleywayBuffet",
            "Trigger": "Spiderbuttons.BETAS_BookRead",
            "Condition": "ITEM_ID Target (O)Book_Trash",
            "Actions": [
                "AddConversationTopic {{ModId}}_BETAS_BookRead_TheAlleywayBuffet 3"
            ]
        },
        "{{ModId}}_BETAS_BookRead_TheArto": {
            "Id": "{{ModId}}_BETAS_BookRead_TheArto",
            "Trigger": "Spiderbuttons.BETAS_BookRead",
            "Condition": "ITEM_ID Target (O)Book_Crabbing",
            "Actions": [
                "AddConversationTopic {{ModId}}_BETAS_BookRead_TheArto 3"
            ]
        },
        "{{ModId}}_BETAS_BookRead_DwarvishSafetyManual": {
            "Id": "{{ModId}}_BETAS_BookRead_DwarvishSafetyManual",
            "Trigger": "Spiderbuttons.BETAS_BookRead",
            "Condition": "ITEM_ID Target (O)Book_Bombs",
            "Actions": [
                "AddConversationTopic {{ModId}}_BETAS_BookRead_DwarvishSafetyManual 3"
            ]
        },
        "{{ModId}}_BETAS_BookRead_JewelsOfTheSea": {
            "Id": "{{ModId}}_BETAS_BookRead_JewelsOfTheSea",
            "Trigger": "Spiderbuttons.BETAS_BookRead",
            "Condition": "ITEM_ID Target (O)Book_Roe",
            "Actions": [
                "AddConversationTopic {{ModId}}_BETAS_BookRead_JewelsOfTheSea 3"
            ]
        },
        "{{ModId}}_BETAS_BookRead_RaccoonJournal": {
            "Id": "{{ModId}}_BETAS_BookRead_RaccoonJournal",
            "Trigger": "Spiderbuttons.BETAS_BookRead",
            "Condition": "ITEM_ID Target (O)Book_WildSeeds",
            "Actions": [
                "AddConversationTopic {{ModId}}_BETAS_BookRead_RaccoonJournal 3"
            ]
        },
        "{{ModId}}_BETAS_BookRead_WoodysSecret": {
            "Id": "{{ModId}}_BETAS_BookRead_WoodysSecret",
            "Trigger": "Spiderbuttons.BETAS_BookRead",
            "Condition": "ITEM_ID Target (O)Book_Woodcutting",
            "Actions": [
                "AddConversationTopic {{ModId}}_BETAS_BookRead_WoodysSecret 3"
            ]
        },
        "{{ModId}}_BETAS_BookRead_JackBeNimble": {
            "Id": "{{ModId}}_BETAS_BookRead_JackBeNimble",
            "Trigger": "Spiderbuttons.BETAS_BookRead",
            "Condition": "ITEM_ID Target (O)Book_Defense",
            "Actions": [
                "AddConversationTopic {{ModId}}_BETAS_BookRead_JackBeNimble 3"
            ]
        },
        "{{ModId}}_BETAS_BookRead_Friendship101": {
            "Id": "{{ModId}}_BETAS_BookRead_Friendship101",
            "Trigger": "Spiderbuttons.BETAS_BookRead",
            "Condition": "ITEM_ID Target (O)Book_Friendship",
            "Actions": [
                "AddConversationTopic {{ModId}}_BETAS_BookRead_Friendship101 3"
            ]
        },
        "{{ModId}}_BETAS_BookRead_MonsterCompendium": {
            "Id": "{{ModId}}_BETAS_BookRead_MonsterCompendium",
            "Trigger": "Spiderbuttons.BETAS_BookRead",
            "Condition": "ITEM_ID Target (O)Book_Void",
            "Actions": [
                "AddConversationTopic {{ModId}}_BETAS_BookRead_MonsterCompendium 3"
            ]
        },
        "{{ModId}}_BETAS_BookRead_WayoftheWindPt1": {
            "Id": "{{ModId}}_BETAS_BookRead_WayoftheWindPt1",
            "Trigger": "Spiderbuttons.BETAS_BookRead",
            "Condition": "ITEM_ID Target (O)Book_Speed",
            "Actions": [
                "AddConversationTopic {{ModId}}_BETAS_BookRead_WayoftheWindPt1 3"
            ]
        },
        "{{ModId}}_BETAS_BookRead_MappingCaveSystems": {
            "Id": "{{ModId}}_BETAS_BookRead_MappingCaveSystems",
            "Trigger": "Spiderbuttons.BETAS_BookRead",
            "Condition": "ITEM_ID Target (O)Book_Marlon",
            "Actions": [
                "AddConversationTopic {{ModId}}_BETAS_BookRead_MappingCaveSystems 3"
            ]
        },
        "{{ModId}}_BETAS_BookRead_PriceCatalogue": {
            "Id": "{{ModId}}_BETAS_BookRead_PriceCatalogue",
            "Trigger": "Spiderbuttons.BETAS_BookRead",
            "Condition": "ITEM_ID Target (O)Book_PriceCatalogue",
            "Actions": [
                "AddConversationTopic {{ModId}}_BETAS_BookRead_PriceCatalogue 3"
            ]
        },
        "{{ModId}}_BETAS_BookRead_QueenOfSauceCookbook": {
            "Id": "{{ModId}}_BETAS_BookRead_QueenOfSauceCookbook",
            "Trigger": "Spiderbuttons.BETAS_BookRead",
            "Condition": "ITEM_ID Target (O)Book_QueenOfSauce",
            "Actions": [
                "AddConversationTopic {{ModId}}_BETAS_BookRead_QueenOfSauceCookbook 3"
            ]
        },
        "{{ModId}}_BETAS_BookRead_TheDiamondHunter": {
            "Id": "{{ModId}}_BETAS_BookRead_TheDiamondHunter",
            "Trigger": "Spiderbuttons.BETAS_BookRead",
            "Condition": "ITEM_ID Target (O)Book_Diamonds",
            "Actions": [
                "AddConversationTopic {{ModId}}_BETAS_BookRead_TheDiamondHunter 3"
            ]
        },
        "{{ModId}}_BETAS_BookRead_BookOfMysteries": {
            "Id": "{{ModId}}_BETAS_BookRead_BookOfMysteries",
            "Trigger": "Spiderbuttons.BETAS_BookRead",
            "Condition": "ITEM_ID Target (O)Book_Mystery",
            "Actions": [
                "AddConversationTopic {{ModId}}_BETAS_BookRead_BookOfMysteries 3"
            ]
        },
        "{{ModId}}_BETAS_BookRead_AnimalCatalogue": {
            "Id": "{{ModId}}_BETAS_BookRead_AnimalCatalogue",
            "Trigger": "Spiderbuttons.BETAS_BookRead",
            "Condition": "ITEM_ID Target (O)Book_AnimalCatalogue",
            "Actions": [
                "AddConversationTopic {{ModId}}_BETAS_BookRead_AnimalCatalogue 3"
            ]
        },
        "{{ModId}}_BETAS_BookRead_WayoftheWindPt2": {
            "Id": "{{ModId}}_BETAS_BookRead_WayoftheWindPt2",
            "Trigger": "Spiderbuttons.BETAS_BookRead",
            "Condition": "ITEM_ID Target (O)Book_Speed2",
            "Actions": [
                "AddConversationTopic {{ModId}}_BETAS_BookRead_WayoftheWindPt2 3"
            ]
        },
        "{{ModId}}_BETAS_BookRead_GoldenAnimalCracker": {
            "Id": "{{ModId}}_BETAS_BookRead_GoldenAnimalCracker",
            "Trigger": "Spiderbuttons.BETAS_BookRead",
            "Condition": "ITEM_ID Target (O)GoldenAnimalCracker",
            "Actions": [
                "AddConversationTopic {{ModId}}_BETAS_BookRead_GoldenAnimalCracker 3"
            ]
        },
        "{{ModId}}_BETAS_BookRead_TreasureAppraisalGuide": {
            "Id": "{{ModId}}_BETAS_BookRead_TreasureAppraisalGuide",
            "Trigger": "Spiderbuttons.BETAS_BookRead",
            "Condition": "ITEM_ID Target (O)Book_Artifact",
            "Actions": [
                "AddConversationTopic {{ModId}}_BETAS_BookRead_TreasureAppraisalGuide 3"
            ]
        },
        "{{ModId}}_BETAS_BookRead_HorseTheBook": {
            "Id": "{{ModId}}_BETAS_BookRead_HorseTheBook",
            "Trigger": "Spiderbuttons.BETAS_BookRead",
            "Condition": "ITEM_ID Target (O)Book_Horse",
            "Actions": [
                "AddConversationTopic {{ModId}}_BETAS_BookRead_HorseTheBook 3"
            ]
        },
        "{{ModId}}_BETAS_BookRead_OlSlitherlegs": {
            "Id": "{{ModId}}_BETAS_BookRead_OlSlitherlegs",
            "Trigger": "Spiderbuttons.BETAS_BookRead",
            "Condition": "ITEM_ID Target (O)Book_Grass",
            "Actions": [
                "AddConversationTopic {{ModId}}_BETAS_BookRead_OlSlitherlegs 3"
            ]
        }
      },
      "When": {
          "HasMod |contains=Spiderbuttons.BETAS": true
      }
    }
  ]
}
