{
/*
https://stardewvalleywiki.com/Modding:Maps
https://stardewvalleywiki.com/Modding:Location_data
https://stardewmodding.wiki.gg/wiki/Tutorial:_Map_Patches_and_Warps

https://github.com/Pathoschild/StardewMods/blob/develop/ContentPatcher/docs/author-guide/action-load.md
https://github.com/Pathoschild/StardewMods/blob/develop/ContentPatcher/docs/author-guide/action-editmap.md
*/
  "Changes": [
    // Eleanor's home - load command
    {
      "LogName": "{{ModId}} - maps - Eleanor's home load command",
      "Action": "Load",
      "Target": "Maps/{{ModId}}.Maps.Eleanor.home",
      "FromFile": "assets/maps/Eleanor_home_{{Map-furniture}}.tmx"
    },
    // add location data
    {
      "LogName": "{{ModId}} - maps - Eleanor's home location data",
      "Action": "EditData",
      "Target": "Data/Locations",
      "Entries": {
        "{{ModId}}.Maps.Eleanor.home": {
          "DisplayName": "Eleanor's home",
          "DefaultArrivalTile": {
            "X": 8,
            "Y": 11
          },
          "CreateOnLoad": {
            "MapPath": "Maps/{{ModId}}.Maps.Eleanor.home"
          },
          "CanPlantHere": false,
          "CanHaveGreenRainSpawns": false
          /*
          "Music": {
            "Id": "{{ModId}}.Maps.Eleanor.home_bgmusic-WizardSong",
            "Track": "WizardSong"
          }
            */
        }
      }
    },
    {
      "LogName": "{{ModId}} - maps - Eleanor's home - warp to Eleanor's home from Custom_WizardBasement",
      "Action": "EditMap",
      "Target": "Maps/Custom_WizardBasement",
      "AddWarps": [
        "23 6 {{ModId}}.Maps.Eleanor.home 8 11" // warp from 23 6 of Custom_WizardBasement to 8 11 of Eleanor_home
      ]
      /*
      "When": {
        "Hearts:StrojvedouciDenis.Eleanor": "{{Range: 8,14}}"
      }
        */
    },
        {
      "LogName": "{{ModId}} - maps - Eleanor's home - warp to Eleanor's home from WizardHouse",
      "Action": "EditMap",
      "Target": "Maps/WizardHouse",
      "AddWarps": [
        "10 17 {{ModId}}.Maps.Eleanor.home 8 11" // warp from 23 6 of Custom_WizardBasement to 8 11 of Eleanor_home
      ]
      /*
      "When": {
        "Hearts:StrojvedouciDenis.Eleanor": "{{Range: 8,14}}"
      }
        */
    },
    {
      "LogName": "{{ModId}} - maps - Eleanor's home - warp from Eleanor's home",
      "Action": "EditMap",
      "Target": "Maps/{{ModId}}.Maps.Eleanor.home",
      "AddWarps": [
        "14 5 WizardHouse 9 31", // warp from 14 5 of Eleanor_home to 9 31 of WizardHouse
        "17 5 Custom_WizardBasement 22 6" // warp from 14 5 of Eleanor_home to 22 6 of Custom_WizardBasement
        /*
        "20 5 WizardHouse 10 17", // warp from 14 5 of Eleanor_home to 10 17 of WizardHouse
        "23 5 WizardHouse 10 17" // warp from 14 5 of Eleanor_home to 10 17 of WizardHouse
        */
      ]
    },
    {
      "LogName": "{{ModId}} - maps - Eleanor's home - map strings",
      "Action": "EditData",
      "Target": "Strings/StringsFromMaps",
      "Entries": {
        "Maps.Eleanor.home_broom": "{{i18n:Maps.Eleanor.home_broom |DT_name={{DT_name}} |DT_wizard_name={{DT_wizard_name}} |DT_wizard_fem={{DT_wizard_fem}} |default={{i18n:key_not_found}}}}",
        "Maps.Eleanor.home_junimo": "{{i18n:Maps.Eleanor.home_junimo |DT_name={{DT_name}} |DT_wizard_name={{DT_wizard_name}} |DT_wizard_fem={{DT_wizard_fem}} |default={{i18n:key_not_found}}}}",
        "Maps.Eleanor.home_kitchen": "{{i18n:Maps.Eleanor.home_kitchen |DT_name={{DT_name}} |DT_wizard_name={{DT_wizard_name}} |DT_wizard_fem={{DT_wizard_fem}} |default={{i18n:key_not_found}}}}",
        "Maps.Eleanor.home_potions": "{{i18n:Maps.Eleanor.home_potions |DT_name={{DT_name}} |DT_wizard_name={{DT_wizard_name}} |DT_wizard_fem={{DT_wizard_fem}} |default={{i18n:key_not_found}}}}",
        "Maps.Eleanor.home_chess": "{{i18n:Maps.Eleanor.home_chess |DT_name={{DT_name}} |DT_wizard_name={{DT_wizard_name}} |DT_wizard_fem={{DT_wizard_fem}} |default={{i18n:key_not_found}}}}",
        "Maps.Eleanor.home_books-strange": "{{i18n:Maps.Eleanor.home_books-strange |DT_name={{DT_name}} |DT_wizard_name={{DT_wizard_name}} |DT_wizard_fem={{DT_wizard_fem}} |default={{i18n:key_not_found}}}}",
        "Maps.Eleanor.home_books-bookshelf_big": "{{i18n:Maps.Eleanor.home_books-bookshelf_big|DT_name={{DT_name}} |DT_wizard_name={{DT_wizard_name}} |DT_wizard_fem={{DT_wizard_fem}} |default={{i18n:key_not_found}}}}",
        "Maps.Eleanor.home_books-1": "{{i18n:Maps.Eleanor.home_books-1 |DT_name={{DT_name}} |DT_wizard_name={{DT_wizard_name}} |DT_wizard_fem={{DT_wizard_fem}} |default={{i18n:key_not_found}}}}",
        "Maps.Eleanor.home_books-table": "{{i18n:Maps.Eleanor.home_books-table |DT_name={{DT_name}} |DT_wizard_name={{DT_wizard_name}} |DT_wizard_fem={{DT_wizard_fem}} |default={{i18n:key_not_found}}}}",
        "Maps.Eleanor.home_ball": "{{i18n:Maps.Eleanor.home_ball |DT_name={{DT_name}} |DT_wizard_name={{DT_wizard_name}} |DT_wizard_fem={{DT_wizard_fem}} |default={{i18n:key_not_found}}}}",
        "Maps.Eleanor.home_fireplace": "{{i18n:Maps.Eleanor.home_fireplace |DT_name={{DT_name}} |DT_wizard_name={{DT_wizard_name}} |DT_wizard_fem={{DT_wizard_fem}} |default={{i18n:key_not_found}}}}",
        "Maps.Eleanor.home_globe": "{{i18n:Maps.Eleanor.home_globe |DT_name={{DT_name}} |DT_wizard_name={{DT_wizard_name}} |DT_wizard_fem={{DT_wizard_fem}} |default={{i18n:key_not_found}}}}",
        "Maps.Eleanor.home_PC": "{{i18n:Maps.Eleanor.home_PC |DT_name={{DT_name}} |DT_wizard_name={{DT_wizard_name}} |DT_wizard_fem={{DT_wizard_fem}} |default={{i18n:key_not_found}}}}",
        "Maps.Eleanor.home_cheat": "{{i18n:Maps.Eleanor.home_cheat |DT_name={{DT_name}} |DT_wizard_name={{DT_wizard_name}} |DT_wizard_fem={{DT_wizard_fem}} |default={{i18n:key_not_found}}}}",
        "Maps.Eleanor.home_cauldron": "{{i18n:Maps.Eleanor.home_cauldron |DT_name={{DT_name}} |DT_wizard_name={{DT_wizard_name}} |DT_wizard_fem={{DT_wizard_fem}} |default={{i18n:key_not_found}}}}",
        "Maps.Eleanor.home_picture": "{{i18n:Maps.Eleanor.home_picture |DT_name={{DT_name}} |DT_wizard_name={{DT_wizard_name}} |DT_wizard_fem={{DT_wizard_fem}} |default={{i18n:key_not_found}}}}",
        "Maps.Eleanor.home_block-1": "{{i18n:Maps.Eleanor.home_block-1 |DT_name={{DT_name}} |DT_wizard_name={{DT_wizard_name}} |DT_wizard_fem={{DT_wizard_fem}} |default={{i18n:key_not_found}}}}",
      }
    }
  ]
}